case_id,incident_datetime,incident_location,latitude,longitude,district,crime_type_code,crime_type_description,severity_level,complainant_age,priority,status,hour,day_of_week,day_of_month,month,year,quarter,is_weekend,is_night,time_period,dist_from_center,lat_grid,lon_grid,grid_cell,grid_crime_count,district_crime_count,crime_density_score,hour_crime_rate,district_encoded,time_period_encoded,crime_type_code_encoded,severity_score,priority_score,status_encoded,age_group,risk_score
9157,2023-09-18 19:27:07,2,13.0404,80.2824,South,VN,Vandalism,Minor,56,Critical,Cold Case,19,0,18,9,2023,3,0,0,Evening,0.04388826722485012,1304,8028,1304_8028,56,56,389.1908706669626,6,3,1,8,1,4,6,Middle-aged,124.91110735393494
9158,2023-12-12 19:40:46,4,12.9716,80.2215,East,AS,Assault,Serious,45,High,Pending,19,1,12,12,2023,4,0,0,Evening,0.12150658418373878,1297,8022,1297_8022,56,56,252.81415541827974,3,1,1,0,3,3,4,Middle-aged,84.79809277933008
9159,2024-05-16 16:32:46,2,13.0404,80.2824,South,VT,Vehicle Theft,Moderate,40,Critical,Closed,16,3,16,5,2024,2,0,0,Afternoon,0.04388826722485012,1304,8028,1304_8028,56,56,389.1908706669626,3,3,0,9,2,4,5,Adult,125.31110735393493
9160,2024-12-18 18:30:24,4,12.9716,80.2215,East,RB,Robbery,Critical,58,Low,Under Investigation,18,2,18,12,2024,4,0,0,Evening,0.12150658418373878,1297,8022,1297_8022,56,56,252.81415541827974,1,1,1,6,4,1,3,Middle-aged,85.19809277933007
9161,2024-03-02 05:44:44,5,13.1134,80.1603,North,VT,Vehicle Theft,Moderate,56,High,Cold Case,5,5,2,3,2024,1,1,1,Night,0.11458904834232475,1311,8016,1311_8016,64,64,298.2444840237305,3,2,3,9,2,3,6,Middle-aged,99.1348836686576
9162,2023-11-07 08:39:03,5,13.1134,80.1603,North,TH,Theft,Moderate,63,High,Cold Case,8,1,7,11,2023,4,0,0,Morning,0.11458904834232475,1311,8016,1311_8016,64,64,298.2444840237305,2,2,2,7,2,3,6,Senior,99.1348836686576
9163,2024-01-29 08:55:58,5,13.1134,80.1603,North,CY,Cybercrime,Serious,70,Critical,Reported,8,0,29,1,2024,1,0,0,Morning,0.11458904834232475,1311,8016,1311_8016,64,64,298.2444840237305,2,2,2,2,3,4,1,Senior,99.5348836686576
9164,2023-05-10 22:04:49,4,12.9716,80.2215,East,TH,Theft,Moderate,45,Low,Under Investigation,22,2,10,5,2023,2,0,1,Night,0.12150658418373878,1297,8022,1297_8022,56,56,252.81415541827974,2,1,3,7,2,1,3,Middle-aged,84.39809277933007
9165,2024-03-25 19:45:09,3,13.0418,80.2337,West,RB,Robbery,Critical,23,Medium,Cold Case,19,0,25,3,2024,1,0,0,Evening,0.05515260646606381,1304,8023,1304_8023,59,59,380.2707627274372,6,4,1,6,4,2,6,Young,123.85045958746193
9166,2024-03-21 12:05:56,3,13.0418,80.2337,West,CY,Cybercrime,Serious,29,High,Cold Case,12,3,21,3,2024,1,0,0,Afternoon,0.05515260646606381,1304,8023,1304_8023,59,59,380.2707627274372,1,4,0,2,3,3,6,Adult,123.45045958746194
9167,2024-04-08 05:17:59,1,13.0827,80.2707,Central,FR,Fraud,Moderate,29,Medium,Cold Case,5,0,8,4,2024,2,0,1,Night,0.0,1308,8027,1308_8027,65,65,650.0,1,0,3,4,2,2,6,Adult,204.8
9168,2024-04-18 15:36:28,3,13.0418,80.2337,West,VT,Vehicle Theft,Moderate,60,Medium,Assigned,15,3,18,4,2024,2,0,0,Afternoon,0.05515260646606381,1304,8023,1304_8023,59,59,380.2707627274372,3,4,0,9,2,2,2,Middle-aged,123.05045958746193
9169,2024-06-10 14:42:55,5,13.1134,80.1603,North,DR,Drug Related,Critical,49,High,Closed,14,0,10,6,2024,2,0,0,Afternoon,0.11458904834232475,1311,8016,1311_8016,64,64,298.2444840237305,3,2,0,3,4,3,5,Middle-aged,99.93488366865759
9170,2024-04-02 07:40:24,3,13.0418,80.2337,West,VT,Vehicle Theft,Moderate,60,Low,Under Investigation,7,1,2,4,2024,2,0,0,Morning,0.05515260646606381,1304,8023,1304_8023,59,59,380.2707627274372,2,4,2,9,2,1,3,Middle-aged,123.05045958746193
9171,2024-04-23 14:27:49,2,13.0404,80.2824,South,VT,Vehicle Theft,Moderate,68,Medium,Under Investigation,14,1,23,4,2024,2,0,0,Afternoon,0.04388826722485012,1304,8028,1304_8028,56,56,389.1908706669626,1,3,0,9,2,2,3,Senior,125.31110735393493
9172,2024-09-19 21:36:46,1,13.0827,80.2707,Central,CY,Cybercrime,Serious,45,Low,Assigned,21,3,19,9,2024,3,0,1,Evening,0.0,1308,8027,1308_8027,65,65,650.0,2,0,1,2,3,1,2,Middle-aged,205.2
9173,2024-09-15 11:27:36,5,13.1134,80.1603,North,RB,Robbery,Critical,44,High,Pending,11,6,15,9,2024,3,1,0,Morning,0.11458904834232475,1311,8016,1311_8016,64,64,298.2444840237305,2,2,2,6,4,3,4,Middle-aged,99.93488366865759
9174,2024-01-08 00:51:35,2,13.0404,80.2824,South,BR,Burglary,Serious,48,Medium,Pending,0,0,8,1,2024,1,0,1,Night,0.04388826722485012,1304,8028,1304_8028,56,56,389.1908706669626,1,3,3,1,3,2,4,Middle-aged,125.71110735393493
9175,2023-12-16 13:40:36,2,13.0404,80.2824,South,RB,Robbery,Critical,48,Medium,Cold Case,13,5,16,12,2023,4,1,0,Afternoon,0.04388826722485012,1304,8028,1304_8028,56,56,389.1908706669626,4,3,0,6,4,2,6,Middle-aged,126.11110735393493
9176,2023-03-22 03:48:16,4,12.9716,80.2215,East,CY,Cybercrime,Serious,66,High,Closed,3,2,22,3,2023,1,0,1,Night,0.12150658418373878,1297,8022,1297_8022,56,56,252.81415541827974,1,1,3,2,3,3,5,Senior,84.79809277933008
9177,2023-12-20 00:13:27,2,13.0404,80.2824,South,VN,Vandalism,Minor,36,Medium,Reported,0,2,20,12,2023,4,0,1,Night,0.04388826722485012,1304,8028,1304_8028,56,56,389.1908706669626,2,3,3,8,1,2,1,Adult,124.91110735393494
9178,2023-10-26 04:14:00,3,13.0418,80.2337,West,HM,Homicide,Critical,18,Critical,Under Investigation,4,3,26,10,2023,4,0,1,Night,0.05515260646606381,1304,8023,1304_8023,59,59,380.2707627274372,3,4,3,5,4,4,3,Young,123.85045958746193
9179,2023-01-03 19:21:54,3,13.0418,80.2337,West,FR,Fraud,Moderate,55,Critical,Cold Case,19,1,3,1,2023,1,0,0,Evening,0.05515260646606381,1304,8023,1304_8023,59,59,380.2707627274372,3,4,1,4,2,4,6,Middle-aged,123.05045958746193
9180,2023-04-23 20:10:31,1,13.0827,80.2707,Central,CY,Cybercrime,Serious,41,High,Cold Case,20,6,23,4,2023,2,1,1,Evening,0.0,1308,8027,1308_8027,65,65,650.0,7,0,1,2,3,3,6,Middle-aged,205.2
9181,2023-05-31 16:25:58,3,13.0418,80.2337,West,HM,Homicide,Critical,45,High,Pending,16,2,31,5,2023,2,0,0,Afternoon,0.05515260646606381,1304,8023,1304_8023,59,59,380.2707627274372,4,4,0,5,4,3,4,Middle-aged,123.85045958746193
9182,2024-01-02 21:14:21,4,12.9716,80.2215,East,RB,Robbery,Critical,67,Low,Pending,21,1,2,1,2024,1,0,1,Evening,0.12150658418373878,1297,8022,1297_8022,56,56,252.81415541827974,4,1,1,6,4,1,4,Senior,85.19809277933007
9183,2024-01-09 11:12:03,1,13.0827,80.2707,Central,VT,Vehicle Theft,Moderate,23,High,Cold Case,11,1,9,1,2024,1,0,0,Morning,0.0,1308,8027,1308_8027,65,65,650.0,2,0,2,9,2,3,6,Young,204.8
9184,2024-04-06 09:06:13,2,13.0404,80.2824,South,VT,Vehicle Theft,Moderate,68,Low,Pending,9,5,6,4,2024,2,1,0,Morning,0.04388826722485012,1304,8028,1304_8028,56,56,389.1908706669626,2,3,2,9,2,1,4,Senior,125.31110735393493
9185,2024-08-30 08:02:04,2,13.0404,80.2824,South,FR,Fraud,Moderate,73,Medium,Pending,8,4,30,8,2024,3,0,0,Morning,0.04388826722485012,1304,8028,1304_8028,56,56,389.1908706669626,6,3,2,4,2,2,4,Senior,125.31110735393493
9186,2023-06-28 00:02:02,5,13.1134,80.1603,North,VT,Vehicle Theft,Moderate,32,Medium,Cold Case,0,2,28,6,2023,2,0,1,Night,0.11458904834232475,1311,8016,1311_8016,64,64,298.2444840237305,2,2,3,9,2,2,6,Adult,99.1348836686576
9187,2024-08-12 15:50:23,3,13.0418,80.2337,West,AS,Assault,Serious,65,High,Under Investigation,15,0,12,8,2024,3,0,0,Afternoon,0.05515260646606381,1304,8023,1304_8023,59,59,380.2707627274372,5,4,0,0,3,3,3,Senior,123.45045958746194
9188,2024-10-19 12:31:41,4,12.9716,80.2215,East,HM,Homicide,Critical,60,Medium,Assigned,12,5,19,10,2024,4,1,0,Afternoon,0.12150658418373878,1297,8022,1297_8022,56,56,252.81415541827974,3,1,0,5,4,2,2,Middle-aged,85.19809277933007
9189,2024-07-13 19:13:06,2,13.0404,80.2824,South,AS,Assault,Serious,43,Critical,Pending,19,5,13,7,2024,3,1,0,Evening,0.04388826722485012,1304,8028,1304_8028,56,56,389.1908706669626,5,3,1,0,3,4,4,Middle-aged,125.71110735393493
9190,2024-05-23 07:34:25,4,12.9716,80.2215,East,RB,Robbery,Critical,38,Critical,Reported,7,3,23,5,2024,2,0,0,Morning,0.12150658418373878,1297,8022,1297_8022,56,56,252.81415541827974,4,1,2,6,4,4,1,Adult,85.19809277933007
9191,2024-12-21 13:08:42,4,12.9716,80.2215,East,VT,Vehicle Theft,Moderate,54,Critical,Assigned,13,5,21,12,2024,4,1,0,Afternoon,0.12150658418373878,1297,8022,1297_8022,56,56,252.81415541827974,4,1,0,9,2,4,2,Middle-aged,84.39809277933007
9192,2024-10-04 08:51:34,3,13.0418,80.2337,West,AS,Assault,Serious,63,Critical,Closed,8,4,4,10,2024,4,0,0,Morning,0.05515260646606381,1304,8023,1304_8023,59,59,380.2707627274372,6,4,2,0,3,4,5,Senior,123.45045958746194
9193,2023-11-17 22:43:10,5,13.1134,80.1603,North,FR,Fraud,Moderate,18,Low,Reported,22,4,17,11,2023,4,0,1,Night,0.11458904834232475,1311,8016,1311_8016,64,64,298.2444840237305,3,2,3,4,2,1,1,Young,99.1348836686576
9194,2023-11-07 13:30:58,5,13.1134,80.1603,North,BR,Burglary,Serious,19,Medium,Cold Case,13,1,7,11,2023,4,0,0,Afternoon,0.11458904834232475,1311,8016,1311_8016,64,64,298.2444840237305,3,2,0,1,3,2,6,Young,99.5348836686576
9195,2024-04-15 07:39:18,3,13.0418,80.2337,West,FR,Fraud,Moderate,48,High,Closed,7,0,15,4,2024,2,0,0,Morning,0.05515260646606381,1304,8023,1304_8023,59,59,380.2707627274372,3,4,2,4,2,3,5,Middle-aged,123.05045958746193
9196,2024-03-11 15:26:52,1,13.0827,80.2707,Central,DR,Drug Related,Critical,66,Critical,Under Investigation,15,0,11,3,2024,1,0,0,Afternoon,0.0,1308,8027,1308_8027,65,65,650.0,5,0,0,3,4,4,3,Senior,205.6
9197,2023-01-08 17:05:52,1,13.0827,80.2707,Central,VN,Vandalism,Minor,49,Medium,Under Investigation,17,6,8,1,2023,1,1,0,Afternoon,0.0,1308,8027,1308_8027,65,65,650.0,5,0,0,8,1,2,3,Middle-aged,204.4
9198,2024-08-03 12:09:52,1,13.0827,80.2707,Central,VN,Vandalism,Minor,36,High,Assigned,12,5,3,8,2024,3,1,0,Afternoon,0.0,1308,8027,1308_8027,65,65,650.0,3,0,0,8,1,3,2,Adult,204.4
9199,2023-03-31 20:11:34,1,13.0827,80.2707,Central,FR,Fraud,Moderate,36,Critical,Assigned,20,4,31,3,2023,1,0,1,Evening,0.0,1308,8027,1308_8027,65,65,650.0,3,0,1,4,2,4,2,Adult,204.8
9200,2024-05-24 08:13:10,4,12.9716,80.2215,East,VN,Vandalism,Minor,49,Low,Assigned,8,4,24,5,2024,2,0,0,Morning,0.12150658418373878,1297,8022,1297_8022,56,56,252.81415541827974,6,1,2,8,1,1,2,Middle-aged,83.99809277933008
9201,2023-05-22 19:14:28,5,13.1134,80.1603,North,VT,Vehicle Theft,Moderate,60,Medium,Cold Case,19,0,22,5,2023,2,0,0,Evening,0.11458904834232475,1311,8016,1311_8016,64,64,298.2444840237305,6,2,1,9,2,2,6,Middle-aged,99.1348836686576
9202,2024-03-30 15:09:36,4,12.9716,80.2215,East,TH,Theft,Moderate,29,Critical,Closed,15,5,30,3,2024,1,1,0,Afternoon,0.12150658418373878,1297,8022,1297_8022,56,56,252.81415541827974,3,1,0,7,2,4,5,Adult,84.39809277933007
9203,2024-03-17 16:21:07,3,13.0418,80.2337,West,VT,Vehicle Theft,Moderate,70,Critical,Cold Case,16,6,17,3,2024,1,1,0,Afternoon,0.05515260646606381,1304,8023,1304_8023,59,59,380.2707627274372,4,4,0,9,2,4,6,Senior,123.05045958746193
9204,2023-01-01 17:08:52,2,13.0404,80.2824,South,TH,Theft,Moderate,41,High,Pending,17,6,1,1,2023,1,1,0,Afternoon,0.04388826722485012,1304,8028,1304_8028,56,56,389.1908706669626,5,3,0,7,2,3,4,Middle-aged,125.31110735393493
9205,2024-04-16 04:13:17,3,13.0418,80.2337,West,HM,Homicide,Critical,40,High,Under Investigation,4,1,16,4,2024,2,0,1,Night,0.05515260646606381,1304,8023,1304_8023,59,59,380.2707627274372,1,4,3,5,4,3,3,Adult,123.85045958746193
9206,2023-05-25 13:38:32,2,13.0404,80.2824,South,DR,Drug Related,Critical,53,High,Reported,13,3,25,5,2023,2,0,0,Afternoon,0.04388826722485012,1304,8028,1304_8028,56,56,389.1908706669626,2,3,0,3,4,3,1,Middle-aged,126.11110735393493
9207,2024-12-17 11:53:27,2,13.0404,80.2824,South,AS,Assault,Serious,67,Medium,Under Investigation,11,1,17,12,2024,4,0,0,Morning,0.04388826722485012,1304,8028,1304_8028,56,56,389.1908706669626,2,3,2,0,3,2,3,Senior,125.71110735393493
9208,2024-09-08 21:46:49,5,13.1134,80.1603,North,BR,Burglary,Serious,64,Low,Assigned,21,6,8,9,2024,3,1,1,Evening,0.11458904834232475,1311,8016,1311_8016,64,64,298.2444840237305,4,2,1,1,3,1,2,Senior,99.5348836686576
9209,2023-10-11 11:34:16,1,13.0827,80.2707,Central,AS,Assault,Serious,70,Critical,Pending,11,2,11,10,2023,4,0,0,Morning,0.0,1308,8027,1308_8027,65,65,650.0,2,0,2,0,3,4,4,Senior,205.2
9210,2024-12-02 18:56:28,5,13.1134,80.1603,North,RB,Robbery,Critical,75,Critical,Closed,18,0,2,12,2024,4,0,0,Evening,0.11458904834232475,1311,8016,1311_8016,64,64,298.2444840237305,5,2,1,6,4,4,5,Senior,99.93488366865759
9211,2023-08-09 13:55:38,3,13.0418,80.2337,West,CY,Cybercrime,Serious,64,Medium,Under Investigation,13,2,9,8,2023,3,0,0,Afternoon,0.05515260646606381,1304,8023,1304_8023,59,59,380.2707627274372,2,4,0,2,3,2,3,Senior,123.45045958746194
9212,2023-02-04 10:59:00,1,13.0827,80.2707,Central,CY,Cybercrime,Serious,71,Medium,Assigned,10,5,4,2,2023,1,1,0,Morning,0.0,1308,8027,1308_8027,65,65,650.0,2,0,2,2,3,2,2,Senior,205.2
9213,2023-12-18 16:58:42,5,13.1134,80.1603,North,HM,Homicide,Critical,50,Low,Closed,16,0,18,12,2023,4,0,0,Afternoon,0.11458904834232475,1311,8016,1311_8016,64,64,298.2444840237305,3,2,0,5,4,1,5,Middle-aged,99.93488366865759
9214,2024-03-13 16:42:32,3,13.0418,80.2337,West,HM,Homicide,Critical,63,Medium,Assigned,16,2,13,3,2024,1,0,0,Afternoon,0.05515260646606381,1304,8023,1304_8023,59,59,380.2707627274372,4,4,0,5,4,2,2,Senior,123.85045958746193
9215,2024-10-13 20:37:00,1,13.0827,80.2707,Central,RB,Robbery,Critical,68,High,Reported,20,6,13,10,2024,4,1,1,Evening,0.0,1308,8027,1308_8027,65,65,650.0,7,0,1,6,4,3,1,Senior,205.6
9216,2023-07-22 21:50:46,1,13.0827,80.2707,Central,TH,Theft,Moderate,72,Low,Closed,21,5,22,7,2023,3,1,1,Evening,0.0,1308,8027,1308_8027,65,65,650.0,6,0,1,7,2,1,5,Senior,204.8
9217,2024-02-17 15:56:20,4,12.9716,80.2215,East,VT,Vehicle Theft,Moderate,53,Medium,Assigned,15,5,17,2,2024,1,1,0,Afternoon,0.12150658418373878,1297,8022,1297_8022,56,56,252.81415541827974,3,1,0,9,2,2,2,Middle-aged,84.39809277933007
9218,2024-10-27 13:37:29,5,13.1134,80.1603,North,AS,Assault,Serious,24,Low,Cold Case,13,6,27,10,2024,4,1,0,Afternoon,0.11458904834232475,1311,8016,1311_8016,64,64,298.2444840237305,3,2,0,0,3,1,6,Young,99.5348836686576
9219,2023-05-03 10:52:29,3,13.0418,80.2337,West,BR,Burglary,Serious,39,Medium,Reported,10,2,3,5,2023,2,0,0,Morning,0.05515260646606381,1304,8023,1304_8023,59,59,380.2707627274372,1,4,2,1,3,2,1,Adult,123.45045958746194
9220,2024-05-21 08:36:48,1,13.0827,80.2707,Central,VN,Vandalism,Minor,45,Critical,Cold Case,8,1,21,5,2024,2,0,0,Morning,0.0,1308,8027,1308_8027,65,65,650.0,2,0,2,8,1,4,6,Middle-aged,204.4
9221,2023-03-27 10:57:09,3,13.0418,80.2337,West,AS,Assault,Serious,72,Low,Closed,10,0,27,3,2023,1,0,0,Morning,0.05515260646606381,1304,8023,1304_8023,59,59,380.2707627274372,2,4,2,0,3,1,5,Senior,123.45045958746194
9222,2024-10-12 21:56:21,3,13.0418,80.2337,West,TH,Theft,Moderate,23,Medium,Closed,21,5,12,10,2024,4,1,1,Evening,0.05515260646606381,1304,8023,1304_8023,59,59,380.2707627274372,6,4,1,7,2,2,5,Young,123.05045958746193
9223,2024-12-21 06:41:17,2,13.0404,80.2824,South,VT,Vehicle Theft,Moderate,61,Low,Pending,6,5,21,12,2024,4,1,1,Morning,0.04388826722485012,1304,8028,1304_8028,56,56,389.1908706669626,2,3,2,9,2,1,4,Senior,125.31110735393493
9224,2024-10-23 01:50:25,4,12.9716,80.2215,East,VT,Vehicle Theft,Moderate,47,Critical,Closed,1,2,23,10,2024,4,0,1,Night,0.12150658418373878,1297,8022,1297_8022,56,56,252.81415541827974,3,1,3,9,2,4,5,Middle-aged,84.39809277933007
9225,2024-12-25 23:10:03,1,13.0827,80.2707,Central,FR,Fraud,Moderate,66,Medium,Reported,23,2,25,12,2024,4,0,1,Night,0.0,1308,8027,1308_8027,65,65,650.0,1,0,3,4,2,2,1,Senior,204.8
9226,2024-07-09 15:53:00,3,13.0418,80.2337,West,DR,Drug Related,Critical,42,High,Assigned,15,1,9,7,2024,3,0,0,Afternoon,0.05515260646606381,1304,8023,1304_8023,59,59,380.2707627274372,3,4,0,3,4,3,2,Middle-aged,123.85045958746193
9227,2023-08-02 17:51:25,3,13.0418,80.2337,West,DR,Drug Related,Critical,29,Low,Closed,17,2,2,8,2023,3,0,0,Afternoon,0.05515260646606381,1304,8023,1304_8023,59,59,380.2707627274372,3,4,0,3,4,1,5,Adult,123.85045958746193
9228,2024-09-14 22:30:02,1,13.0827,80.2707,Central,VN,Vandalism,Minor,23,Critical,Reported,22,5,14,9,2024,3,1,1,Night,0.0,1308,8027,1308_8027,65,65,650.0,1,0,3,8,1,4,1,Young,204.4
9229,2024-06-12 15:07:34,5,13.1134,80.1603,North,CY,Cybercrime,Serious,74,Critical,Assigned,15,2,12,6,2024,2,0,0,Afternoon,0.11458904834232475,1311,8016,1311_8016,64,64,298.2444840237305,1,2,0,2,3,4,2,Senior,99.5348836686576
9230,2024-08-01 20:30:44,2,13.0404,80.2824,South,DR,Drug Related,Critical,68,Low,Pending,20,3,1,8,2024,3,0,1,Evening,0.04388826722485012,1304,8028,1304_8028,56,56,389.1908706669626,2,3,1,3,4,1,4,Senior,126.11110735393493
9231,2023-04-02 04:58:35,2,13.0404,80.2824,South,DR,Drug Related,Critical,49,High,Pending,4,6,2,4,2023,2,1,1,Night,0.04388826722485012,1304,8028,1304_8028,56,56,389.1908706669626,1,3,3,3,4,3,4,Middle-aged,126.11110735393493
9232,2024-09-29 16:37:33,5,13.1134,80.1603,North,VN,Vandalism,Minor,64,Medium,Closed,16,6,29,9,2024,3,1,0,Afternoon,0.11458904834232475,1311,8016,1311_8016,64,64,298.2444840237305,4,2,0,8,1,2,5,Senior,98.7348836686576
9233,2023-04-22 16:15:01,3,13.0418,80.2337,West,VT,Vehicle Theft,Moderate,48,Medium,Pending,16,5,22,4,2023,2,1,0,Afternoon,0.05515260646606381,1304,8023,1304_8023,59,59,380.2707627274372,3,4,0,9,2,2,4,Middle-aged,123.05045958746193
9234,2024-03-14 16:40:06,1,13.0827,80.2707,Central,RB,Robbery,Critical,72,High,Pending,16,3,14,3,2024,1,0,0,Afternoon,0.0,1308,8027,1308_8027,65,65,650.0,3,0,0,6,4,3,4,Senior,205.6
9235,2023-08-30 16:56:39,2,13.0404,80.2824,South,AS,Assault,Serious,25,High,Reported,16,2,30,8,2023,3,0,0,Afternoon,0.04388826722485012,1304,8028,1304_8028,56,56,389.1908706669626,4,3,0,0,3,3,1,Young,125.71110735393493
9236,2024-12-06 12:26:31,2,13.0404,80.2824,South,RB,Robbery,Critical,38,Critical,Reported,12,4,6,12,2024,4,0,0,Afternoon,0.04388826722485012,1304,8028,1304_8028,56,56,389.1908706669626,4,3,0,6,4,4,1,Adult,126.11110735393493
9237,2023-12-22 07:42:02,2,13.0404,80.2824,South,TH,Theft,Moderate,33,High,Closed,7,4,22,12,2023,4,0,0,Morning,0.04388826722485012,1304,8028,1304_8028,56,56,389.1908706669626,1,3,2,7,2,3,5,Adult,125.31110735393493
9238,2023-09-25 12:48:38,2,13.0404,80.2824,South,VT,Vehicle Theft,Moderate,29,High,Pending,12,0,25,9,2023,3,0,0,Afternoon,0.04388826722485012,1304,8028,1304_8028,56,56,389.1908706669626,4,3,0,9,2,3,4,Adult,125.31110735393493
9239,2024-11-23 16:32:24,5,13.1134,80.1603,North,RB,Robbery,Critical,30,Critical,Under Investigation,16,5,23,11,2024,4,1,0,Afternoon,0.11458904834232475,1311,8016,1311_8016,64,64,298.2444840237305,3,2,0,6,4,4,3,Adult,99.93488366865759
9240,2024-04-15 13:46:21,3,13.0418,80.2337,West,RB,Robbery,Critical,50,Critical,Closed,13,0,15,4,2024,2,0,0,Afternoon,0.05515260646606381,1304,8023,1304_8023,59,59,380.2707627274372,2,4,0,6,4,4,5,Middle-aged,123.85045958746193
9241,2024-05-22 04:28:39,2,13.0404,80.2824,South,DR,Drug Related,Critical,68,Critical,Cold Case,4,2,22,5,2024,2,0,1,Night,0.04388826722485012,1304,8028,1304_8028,56,56,389.1908706669626,2,3,3,3,4,4,6,Senior,126.11110735393493
9242,2024-03-16 17:08:24,2,13.0404,80.2824,South,TH,Theft,Moderate,24,High,Closed,17,5,16,3,2024,1,1,0,Afternoon,0.04388826722485012,1304,8028,1304_8028,56,56,389.1908706669626,1,3,0,7,2,3,5,Young,125.31110735393493
9243,2024-07-04 06:02:44,2,13.0404,80.2824,South,RB,Robbery,Critical,58,Medium,Assigned,6,3,4,7,2024,3,0,1,Morning,0.04388826722485012,1304,8028,1304_8028,56,56,389.1908706669626,2,3,2,6,4,2,2,Middle-aged,126.11110735393493
9244,2024-08-01 18:25:35,4,12.9716,80.2215,East,VN,Vandalism,Minor,27,Low,Assigned,18,3,1,8,2024,3,0,0,Evening,0.12150658418373878,1297,8022,1297_8022,56,56,252.81415541827974,6,1,1,8,1,1,2,Adult,83.99809277933008
9245,2024-05-27 07:43:04,5,13.1134,80.1603,North,AS,Assault,Serious,50,Low,Reported,7,0,27,5,2024,2,0,0,Morning,0.11458904834232475,1311,8016,1311_8016,64,64,298.2444840237305,3,2,2,0,3,1,1,Middle-aged,99.5348836686576
9246,2023-10-28 08:04:10,1,13.0827,80.2707,Central,VN,Vandalism,Minor,70,Critical,Closed,8,5,28,10,2023,4,1,0,Morning,0.0,1308,8027,1308_8027,65,65,650.0,1,0,2,8,1,4,5,Senior,204.4
9247,2023-08-01 15:01:36,2,13.0404,80.2824,South,RB,Robbery,Critical,43,Medium,Assigned,15,1,1,8,2023,3,0,0,Afternoon,0.04388826722485012,1304,8028,1304_8028,56,56,389.1908706669626,3,3,0,6,4,2,2,Middle-aged,126.11110735393493
9248,2024-09-14 05:56:19,3,13.0418,80.2337,West,FR,Fraud,Moderate,26,Low,Pending,5,5,14,9,2024,3,1,1,Night,0.05515260646606381,1304,8023,1304_8023,59,59,380.2707627274372,3,4,3,4,2,1,4,Adult,123.05045958746193
9249,2024-04-14 19:05:19,2,13.0404,80.2824,South,CY,Cybercrime,Serious,20,Medium,Reported,19,6,14,4,2024,2,1,0,Evening,0.04388826722485012,1304,8028,1304_8028,56,56,389.1908706669626,3,3,1,2,3,2,1,Young,125.71110735393493
9250,2024-02-02 18:10:22,4,12.9716,80.2215,East,DR,Drug Related,Critical,48,Low,Under Investigation,18,4,2,2,2024,1,0,0,Evening,0.12150658418373878,1297,8022,1297_8022,56,56,252.81415541827974,3,1,1,3,4,1,3,Middle-aged,85.19809277933007
9251,2023-03-27 20:34:40,3,13.0418,80.2337,West,VT,Vehicle Theft,Moderate,68,High,Closed,20,0,27,3,2023,1,0,1,Evening,0.05515260646606381,1304,8023,1304_8023,59,59,380.2707627274372,2,4,1,9,2,3,5,Senior,123.05045958746193
9252,2023-10-22 11:57:27,4,12.9716,80.2215,East,RB,Robbery,Critical,68,High,Closed,11,6,22,10,2023,4,1,0,Morning,0.12150658418373878,1297,8022,1297_8022,56,56,252.81415541827974,2,1,2,6,4,3,5,Senior,85.19809277933007
9253,2024-02-02 12:52:47,1,13.0827,80.2707,Central,FR,Fraud,Moderate,25,Critical,Closed,12,4,2,2,2024,1,0,0,Afternoon,0.0,1308,8027,1308_8027,65,65,650.0,4,0,0,4,2,4,5,Young,204.8
9254,2023-03-23 13:32:52,1,13.0827,80.2707,Central,BR,Burglary,Serious,30,High,Assigned,13,3,23,3,2023,1,0,0,Afternoon,0.0,1308,8027,1308_8027,65,65,650.0,2,0,0,1,3,3,2,Adult,205.2
9255,2024-11-28 07:21:17,1,13.0827,80.2707,Central,HM,Homicide,Critical,58,High,Cold Case,7,3,28,11,2024,4,0,0,Morning,0.0,1308,8027,1308_8027,65,65,650.0,4,0,2,5,4,3,6,Middle-aged,205.6
9256,2024-06-02 06:24:28,4,12.9716,80.2215,East,HM,Homicide,Critical,28,Critical,Under Investigation,6,6,2,6,2024,2,1,1,Morning,0.12150658418373878,1297,8022,1297_8022,56,56,252.81415541827974,2,1,2,5,4,4,3,Adult,85.19809277933007
9257,2024-09-04 05:14:24,4,12.9716,80.2215,East,CY,Cybercrime,Serious,29,High,Reported,5,2,4,9,2024,3,0,1,Night,0.12150658418373878,1297,8022,1297_8022,56,56,252.81415541827974,1,1,3,2,3,3,1,Adult,84.79809277933008
9258,2023-04-30 14:24:57,1,13.0827,80.2707,Central,RB,Robbery,Critical,68,Medium,Pending,14,6,30,4,2023,2,1,0,Afternoon,0.0,1308,8027,1308_8027,65,65,650.0,2,0,0,6,4,2,4,Senior,205.6
9003,2024-11-12 19:17:37,4,12.9716,80.2215,East,FR,Fraud,Moderate,28,Low,Closed,19,1,12,11,2024,4,0,0,Evening,0.12150658418373878,1297,8022,1297_8022,56,56,252.81415541827974,3,1,1,4,2,1,5,Adult,84.39809277933007
9004,2023-07-09 17:32:18,5,13.1134,80.1603,North,BR,Burglary,Serious,45,Low,Pending,17,6,9,7,2023,3,1,0,Afternoon,0.11458904834232475,1311,8016,1311_8016,64,64,298.2444840237305,5,2,0,1,3,1,4,Middle-aged,99.5348836686576
9005,2024-07-02 22:59:56,1,13.0827,80.2707,Central,HM,Homicide,Critical,28,Critical,Reported,22,1,2,7,2024,3,0,1,Night,0.0,1308,8027,1308_8027,65,65,650.0,5,0,3,5,4,4,1,Adult,205.6
9006,2023-08-14 23:17:17,1,13.0827,80.2707,Central,BR,Burglary,Serious,49,High,Reported,23,0,14,8,2023,3,0,1,Night,0.0,1308,8027,1308_8027,65,65,650.0,2,0,3,1,3,3,1,Middle-aged,205.2
9007,2023-01-07 21:17:40,1,13.0827,80.2707,Central,BR,Burglary,Serious,69,Medium,Pending,21,5,7,1,2023,1,1,1,Evening,0.0,1308,8027,1308_8027,65,65,650.0,6,0,1,1,3,2,4,Senior,205.2
9008,2023-01-05 19:36:31,3,13.0418,80.2337,West,BR,Burglary,Serious,63,Critical,Under Investigation,19,3,5,1,2023,1,0,0,Evening,0.05515260646606381,1304,8023,1304_8023,59,59,380.2707627274372,2,4,1,1,3,4,3,Senior,123.45045958746194
9009,2023-08-18 23:15:27,4,12.9716,80.2215,East,VT,Vehicle Theft,Moderate,27,High,Assigned,23,4,18,8,2023,3,0,1,Night,0.12150658418373878,1297,8022,1297_8022,56,56,252.81415541827974,2,1,3,9,2,3,2,Adult,84.39809277933007
9010,2024-09-21 05:01:24,1,13.0827,80.2707,Central,TH,Theft,Moderate,63,High,Closed,5,5,21,9,2024,3,1,1,Night,0.0,1308,8027,1308_8027,65,65,650.0,3,0,3,7,2,3,5,Senior,204.8
9011,2023-07-16 12:01:56,3,13.0418,80.2337,West,VT,Vehicle Theft,Moderate,60,Critical,Assigned,12,6,16,7,2023,3,1,0,Afternoon,0.05515260646606381,1304,8023,1304_8023,59,59,380.2707627274372,1,4,0,9,2,4,2,Middle-aged,123.05045958746193
9012,2023-10-08 21:35:14,1,13.0827,80.2707,Central,AS,Assault,Serious,32,High,Cold Case,21,6,8,10,2023,4,1,1,Evening,0.0,1308,8027,1308_8027,65,65,650.0,4,0,1,0,3,3,6,Adult,205.2
9013,2023-11-19 10:48:53,3,13.0418,80.2337,West,VN,Vandalism,Minor,39,Medium,Cold Case,10,6,19,11,2023,4,1,0,Morning,0.05515260646606381,1304,8023,1304_8023,59,59,380.2707627274372,1,4,2,8,1,2,6,Adult,122.65045958746194
9014,2024-04-17 19:25:59,4,12.9716,80.2215,East,VN,Vandalism,Minor,60,Critical,Assigned,19,2,17,4,2024,2,0,0,Evening,0.12150658418373878,1297,8022,1297_8022,56,56,252.81415541827974,5,1,1,8,1,4,2,Middle-aged,83.99809277933008
9015,2023-07-01 19:03:31,1,13.0827,80.2707,Central,VT,Vehicle Theft,Moderate,43,Medium,Cold Case,19,5,1,7,2023,3,1,0,Evening,0.0,1308,8027,1308_8027,65,65,650.0,5,0,1,9,2,2,6,Middle-aged,204.8
9016,2024-11-05 22:18:40,2,13.0404,80.2824,South,DR,Drug Related,Critical,32,Medium,Cold Case,22,1,5,11,2024,4,0,1,Night,0.04388826722485012,1304,8028,1304_8028,56,56,389.1908706669626,5,3,3,3,4,2,6,Adult,126.11110735393493
9017,2023-02-02 07:50:35,2,13.0404,80.2824,South,VN,Vandalism,Minor,51,Low,Cold Case,7,3,2,2,2023,1,0,0,Morning,0.04388826722485012,1304,8028,1304_8028,56,56,389.1908706669626,4,3,2,8,1,1,6,Middle-aged,124.91110735393494
9018,2023-07-05 07:44:09,5,13.1134,80.1603,North,DR,Drug Related,Critical,29,High,Closed,7,2,5,7,2023,3,0,0,Morning,0.11458904834232475,1311,8016,1311_8016,64,64,298.2444840237305,1,2,2,3,4,3,5,Adult,99.93488366865759
9019,2023-10-15 17:53:23,4,12.9716,80.2215,East,RB,Robbery,Critical,40,Low,Cold Case,17,6,15,10,2023,4,1,0,Afternoon,0.12150658418373878,1297,8022,1297_8022,56,56,252.81415541827974,5,1,0,6,4,1,6,Adult,85.19809277933007
9020,2023-01-01 22:32:18,1,13.0827,80.2707,Central,HM,Homicide,Critical,51,Low,Under Investigation,22,6,1,1,2023,1,1,1,Night,0.0,1308,8027,1308_8027,65,65,650.0,3,0,3,5,4,1,3,Middle-aged,205.6
9021,2023-08-05 07:38:12,5,13.1134,80.1603,North,AS,Assault,Serious,32,Low,Pending,7,5,5,8,2023,3,1,0,Morning,0.11458904834232475,1311,8016,1311_8016,64,64,298.2444840237305,3,2,2,0,3,1,4,Adult,99.5348836686576
9022,2024-10-16 20:36:57,2,13.0404,80.2824,South,CY,Cybercrime,Serious,41,Low,Pending,20,2,16,10,2024,4,0,1,Evening,0.04388826722485012,1304,8028,1304_8028,56,56,389.1908706669626,3,3,1,2,3,1,4,Middle-aged,125.71110735393493
9023,2024-05-31 02:51:19,1,13.0827,80.2707,Central,FR,Fraud,Moderate,33,Medium,Cold Case,2,4,31,5,2024,2,0,1,Night,0.0,1308,8027,1308_8027,65,65,650.0,1,0,3,4,2,2,6,Adult,204.8
9024,2023-04-28 21:54:22,2,13.0404,80.2824,South,VN,Vandalism,Minor,34,Critical,Pending,21,4,28,4,2023,2,0,1,Evening,0.04388826722485012,1304,8028,1304_8028,56,56,389.1908706669626,2,3,1,8,1,4,4,Adult,124.91110735393494
9025,2023-04-30 15:09:59,2,13.0404,80.2824,South,VN,Vandalism,Minor,43,High,Under Investigation,15,6,30,4,2023,2,1,0,Afternoon,0.04388826722485012,1304,8028,1304_8028,56,56,389.1908706669626,4,3,0,8,1,3,3,Middle-aged,124.91110735393494
9026,2023-07-15 20:23:57,3,13.0418,80.2337,West,VN,Vandalism,Minor,32,Critical,Pending,20,5,15,7,2023,3,1,1,Evening,0.05515260646606381,1304,8023,1304_8023,59,59,380.2707627274372,5,4,1,8,1,4,4,Adult,122.65045958746194
9027,2024-12-02 12:50:00,5,13.1134,80.1603,North,VN,Vandalism,Minor,50,Medium,Pending,12,0,2,12,2024,4,0,0,Afternoon,0.11458904834232475,1311,8016,1311_8016,64,64,298.2444840237305,4,2,0,8,1,2,4,Middle-aged,98.7348836686576
9028,2024-11-17 15:34:52,4,12.9716,80.2215,East,FR,Fraud,Moderate,20,Critical,Under Investigation,15,6,17,11,2024,4,1,0,Afternoon,0.12150658418373878,1297,8022,1297_8022,56,56,252.81415541827974,4,1,0,4,2,4,3,Young,84.39809277933007
9029,2024-12-07 23:01:08,4,12.9716,80.2215,East,FR,Fraud,Moderate,75,Medium,Reported,23,5,7,12,2024,4,1,1,Night,0.12150658418373878,1297,8022,1297_8022,56,56,252.81415541827974,2,1,3,4,2,2,1,Senior,84.39809277933007
9030,2023-09-18 08:00:59,2,13.0404,80.2824,South,FR,Fraud,Moderate,49,Critical,Cold Case,8,0,18,9,2023,3,0,0,Morning,0.04388826722485012,1304,8028,1304_8028,56,56,389.1908706669626,2,3,2,4,2,4,6,Middle-aged,125.31110735393493
9031,2023-09-22 09:34:51,2,13.0404,80.2824,South,HM,Homicide,Critical,30,High,Under Investigation,9,4,22,9,2023,3,0,0,Morning,0.04388826722485012,1304,8028,1304_8028,56,56,389.1908706669626,1,3,2,5,4,3,3,Adult,126.11110735393493
9032,2024-12-23 18:08:27,2,13.0404,80.2824,South,RB,Robbery,Critical,48,High,Pending,18,0,23,12,2024,4,0,0,Evening,0.04388826722485012,1304,8028,1304_8028,56,56,389.1908706669626,5,3,1,6,4,3,4,Middle-aged,126.11110735393493
9033,2024-02-29 18:48:37,3,13.0418,80.2337,West,AS,Assault,Serious,70,Low,Pending,18,3,29,2,2024,1,0,0,Evening,0.05515260646606381,1304,8023,1304_8023,59,59,380.2707627274372,6,4,1,0,3,1,4,Senior,123.45045958746194
9034,2024-04-20 21:55:58,4,12.9716,80.2215,East,DR,Drug Related,Critical,57,Medium,Assigned,21,5,20,4,2024,2,1,1,Evening,0.12150658418373878,1297,8022,1297_8022,56,56,252.81415541827974,6,1,1,3,4,2,2,Middle-aged,85.19809277933007
9035,2024-01-01 17:05:56,1,13.0827,80.2707,Central,DR,Drug Related,Critical,23,Low,Reported,17,0,1,1,2024,1,0,0,Afternoon,0.0,1308,8027,1308_8027,65,65,650.0,2,0,0,3,4,1,1,Young,205.6
9036,2024-11-01 19:51:11,4,12.9716,80.2215,East,FR,Fraud,Moderate,66,Critical,Reported,19,4,1,11,2024,4,0,0,Evening,0.12150658418373878,1297,8022,1297_8022,56,56,252.81415541827974,1,1,1,4,2,4,1,Senior,84.39809277933007
9037,2023-04-01 19:06:36,5,13.1134,80.1603,North,TH,Theft,Moderate,63,Medium,Reported,19,5,1,4,2023,2,1,0,Evening,0.11458904834232475,1311,8016,1311_8016,64,64,298.2444840237305,5,2,1,7,2,2,1,Senior,99.1348836686576
9038,2024-02-28 13:32:44,4,12.9716,80.2215,East,DR,Drug Related,Critical,48,Medium,Closed,13,2,28,2,2024,1,0,0,Afternoon,0.12150658418373878,1297,8022,1297_8022,56,56,252.81415541827974,2,1,0,3,4,2,5,Middle-aged,85.19809277933007
9039,2024-02-19 15:57:05,2,13.0404,80.2824,South,VN,Vandalism,Minor,18,Low,Reported,15,0,19,2,2024,1,0,0,Afternoon,0.04388826722485012,1304,8028,1304_8028,56,56,389.1908706669626,5,3,0,8,1,1,1,Young,124.91110735393494
9040,2023-05-18 21:40:36,3,13.0418,80.2337,West,AS,Assault,Serious,32,Low,Cold Case,21,3,18,5,2023,2,0,1,Evening,0.05515260646606381,1304,8023,1304_8023,59,59,380.2707627274372,2,4,1,0,3,1,6,Adult,123.45045958746194
9041,2024-04-25 18:33:32,3,13.0418,80.2337,West,HM,Homicide,Critical,66,High,Assigned,18,3,25,4,2024,2,0,0,Evening,0.05515260646606381,1304,8023,1304_8023,59,59,380.2707627274372,6,4,1,5,4,3,2,Senior,123.85045958746193
9042,2023-07-02 18:56:47,5,13.1134,80.1603,North,BR,Burglary,Serious,72,Medium,Under Investigation,18,6,2,7,2023,3,1,0,Evening,0.11458904834232475,1311,8016,1311_8016,64,64,298.2444840237305,2,2,1,1,3,2,3,Senior,99.5348836686576
9043,2024-01-09 07:54:19,1,13.0827,80.2707,Central,RB,Robbery,Critical,72,Medium,Assigned,7,1,9,1,2024,1,0,0,Morning,0.0,1308,8027,1308_8027,65,65,650.0,2,0,2,6,4,2,2,Senior,205.6
9044,2023-11-27 10:09:30,3,13.0418,80.2337,West,DR,Drug Related,Critical,51,Critical,Under Investigation,10,0,27,11,2023,4,0,0,Morning,0.05515260646606381,1304,8023,1304_8023,59,59,380.2707627274372,2,4,2,3,4,4,3,Middle-aged,123.85045958746193
9045,2023-09-17 22:52:45,4,12.9716,80.2215,East,VT,Vehicle Theft,Moderate,37,Critical,Reported,22,6,17,9,2023,3,1,1,Night,0.12150658418373878,1297,8022,1297_8022,56,56,252.81415541827974,3,1,3,9,2,4,1,Adult,84.39809277933007
9046,2024-10-16 11:04:55,3,13.0418,80.2337,West,VN,Vandalism,Minor,32,Critical,Cold Case,11,2,16,10,2024,4,0,0,Morning,0.05515260646606381,1304,8023,1304_8023,59,59,380.2707627274372,2,4,2,8,1,4,6,Adult,122.65045958746194
9047,2024-05-30 22:31:19,3,13.0418,80.2337,West,CY,Cybercrime,Serious,67,Medium,Closed,22,3,30,5,2024,2,0,1,Night,0.05515260646606381,1304,8023,1304_8023,59,59,380.2707627274372,3,4,3,2,3,2,5,Senior,123.45045958746194
9048,2023-03-05 15:40:30,2,13.0404,80.2824,South,VT,Vehicle Theft,Moderate,70,Medium,Closed,15,6,5,3,2023,1,1,0,Afternoon,0.04388826722485012,1304,8028,1304_8028,56,56,389.1908706669626,4,3,0,9,2,2,5,Senior,125.31110735393493
9049,2024-10-10 07:03:15,3,13.0418,80.2337,West,FR,Fraud,Moderate,66,Critical,Under Investigation,7,3,10,10,2024,4,0,0,Morning,0.05515260646606381,1304,8023,1304_8023,59,59,380.2707627274372,4,4,2,4,2,4,3,Senior,123.05045958746193
9050,2023-11-20 06:16:51,2,13.0404,80.2824,South,VN,Vandalism,Minor,38,Critical,Reported,6,0,20,11,2023,4,0,1,Morning,0.04388826722485012,1304,8028,1304_8028,56,56,389.1908706669626,2,3,2,8,1,4,1,Adult,124.91110735393494
9051,2023-09-29 14:19:18,5,13.1134,80.1603,North,VT,Vehicle Theft,Moderate,43,High,Cold Case,14,4,29,9,2023,3,0,0,Afternoon,0.11458904834232475,1311,8016,1311_8016,64,64,298.2444840237305,1,2,0,9,2,3,6,Middle-aged,99.1348836686576
9052,2024-06-18 20:14:55,3,13.0418,80.2337,West,BR,Burglary,Serious,41,Medium,Closed,20,1,18,6,2024,2,0,1,Evening,0.05515260646606381,1304,8023,1304_8023,59,59,380.2707627274372,4,4,1,1,3,2,5,Middle-aged,123.45045958746194
9053,2023-09-12 17:45:12,5,13.1134,80.1603,North,DR,Drug Related,Critical,52,Medium,Under Investigation,17,1,12,9,2023,3,0,0,Afternoon,0.11458904834232475,1311,8016,1311_8016,64,64,298.2444840237305,3,2,0,3,4,2,3,Middle-aged,99.93488366865759
9054,2023-07-09 14:33:48,1,13.0827,80.2707,Central,FR,Fraud,Moderate,34,High,Reported,14,6,9,7,2023,3,1,0,Afternoon,0.0,1308,8027,1308_8027,65,65,650.0,2,0,0,4,2,3,1,Adult,204.8
9055,2024-10-04 10:37:37,5,13.1134,80.1603,North,DR,Drug Related,Critical,47,Critical,Assigned,10,4,4,10,2024,4,0,0,Morning,0.11458904834232475,1311,8016,1311_8016,64,64,298.2444840237305,1,2,2,3,4,4,2,Middle-aged,99.93488366865759
9056,2023-08-14 19:33:14,5,13.1134,80.1603,North,HM,Homicide,Critical,33,Low,Reported,19,0,14,8,2023,3,0,0,Evening,0.11458904834232475,1311,8016,1311_8016,64,64,298.2444840237305,6,2,1,5,4,1,1,Adult,99.93488366865759
9057,2023-09-25 16:55:23,1,13.0827,80.2707,Central,DR,Drug Related,Critical,44,High,Closed,16,0,25,9,2023,3,0,0,Afternoon,0.0,1308,8027,1308_8027,65,65,650.0,3,0,0,3,4,3,5,Middle-aged,205.6
9058,2024-12-01 06:04:39,5,13.1134,80.1603,North,FR,Fraud,Moderate,30,Low,Closed,6,6,1,12,2024,4,1,1,Morning,0.11458904834232475,1311,8016,1311_8016,64,64,298.2444840237305,2,2,2,4,2,1,5,Adult,99.1348836686576
9059,2024-12-18 19:56:14,4,12.9716,80.2215,East,HM,Homicide,Critical,43,High,Cold Case,19,2,18,12,2024,4,0,0,Evening,0.12150658418373878,1297,8022,1297_8022,56,56,252.81415541827974,5,1,1,5,4,3,6,Middle-aged,85.19809277933007
9060,2023-01-09 07:40:28,3,13.0418,80.2337,West,CY,Cybercrime,Serious,47,Medium,Reported,7,0,9,1,2023,1,0,0,Morning,0.05515260646606381,1304,8023,1304_8023,59,59,380.2707627274372,3,4,2,2,3,2,1,Middle-aged,123.45045958746194
9061,2024-10-08 18:10:36,1,13.0827,80.2707,Central,BR,Burglary,Serious,29,Critical,Assigned,18,1,8,10,2024,4,0,0,Evening,0.0,1308,8027,1308_8027,65,65,650.0,1,0,1,1,3,4,2,Adult,205.2
9062,2023-06-11 19:25:04,2,13.0404,80.2824,South,RB,Robbery,Critical,69,Critical,Under Investigation,19,6,11,6,2023,2,1,0,Evening,0.04388826722485012,1304,8028,1304_8028,56,56,389.1908706669626,3,3,1,6,4,4,3,Senior,126.11110735393493
9063,2023-01-14 10:15:50,3,13.0418,80.2337,West,RB,Robbery,Critical,35,High,Under Investigation,10,5,14,1,2023,1,1,0,Morning,0.05515260646606381,1304,8023,1304_8023,59,59,380.2707627274372,2,4,2,6,4,3,3,Adult,123.85045958746193
9064,2024-01-07 21:50:05,2,13.0404,80.2824,South,CY,Cybercrime,Serious,41,Medium,Under Investigation,21,6,7,1,2024,1,1,1,Evening,0.04388826722485012,1304,8028,1304_8028,56,56,389.1908706669626,4,3,1,2,3,2,3,Middle-aged,125.71110735393493
9065,2024-02-23 20:04:37,4,12.9716,80.2215,East,HM,Homicide,Critical,40,High,Pending,20,4,23,2,2024,1,0,1,Evening,0.12150658418373878,1297,8022,1297_8022,56,56,252.81415541827974,3,1,1,5,4,3,4,Adult,85.19809277933007
9066,2024-03-02 12:23:22,1,13.0827,80.2707,Central,HM,Homicide,Critical,32,Critical,Under Investigation,12,5,2,3,2024,1,1,0,Afternoon,0.0,1308,8027,1308_8027,65,65,650.0,3,0,0,5,4,4,3,Adult,205.6
9067,2024-03-10 17:00:29,4,12.9716,80.2215,East,BR,Burglary,Serious,49,Medium,Reported,17,6,10,3,2024,1,1,0,Afternoon,0.12150658418373878,1297,8022,1297_8022,56,56,252.81415541827974,5,1,0,1,3,2,1,Middle-aged,84.79809277933008
9068,2023-01-28 19:35:14,3,13.0418,80.2337,West,FR,Fraud,Moderate,43,Low,Cold Case,19,5,28,1,2023,1,1,0,Evening,0.05515260646606381,1304,8023,1304_8023,59,59,380.2707627274372,5,4,1,4,2,1,6,Middle-aged,123.05045958746193
9069,2024-02-11 20:48:51,1,13.0827,80.2707,Central,TH,Theft,Moderate,68,Low,Closed,20,6,11,2,2024,1,1,1,Evening,0.0,1308,8027,1308_8027,65,65,650.0,7,0,1,7,2,1,5,Senior,204.8
9070,2024-10-31 09:31:54,5,13.1134,80.1603,North,VN,Vandalism,Minor,26,High,Closed,9,3,31,10,2024,4,0,0,Morning,0.11458904834232475,1311,8016,1311_8016,64,64,298.2444840237305,1,2,2,8,1,3,5,Adult,98.7348836686576
9071,2024-04-18 19:03:21,2,13.0404,80.2824,South,CY,Cybercrime,Serious,33,Critical,Cold Case,19,3,18,4,2024,2,0,0,Evening,0.04388826722485012,1304,8028,1304_8028,56,56,389.1908706669626,2,3,1,2,3,4,6,Adult,125.71110735393493
9072,2024-04-22 09:39:54,3,13.0418,80.2337,West,RB,Robbery,Critical,23,High,Under Investigation,9,0,22,4,2024,2,0,0,Morning,0.05515260646606381,1304,8023,1304_8023,59,59,380.2707627274372,1,4,2,6,4,3,3,Young,123.85045958746193
9073,2024-08-31 07:15:01,1,13.0827,80.2707,Central,TH,Theft,Moderate,26,High,Assigned,7,5,31,8,2024,3,1,0,Morning,0.0,1308,8027,1308_8027,65,65,650.0,3,0,2,7,2,3,2,Adult,204.8
9074,2023-01-24 10:27:32,4,12.9716,80.2215,East,VN,Vandalism,Minor,32,Low,Pending,10,1,24,1,2023,1,0,0,Morning,0.12150658418373878,1297,8022,1297_8022,56,56,252.81415541827974,1,1,2,8,1,1,4,Adult,83.99809277933008
9075,2024-09-30 23:08:05,5,13.1134,80.1603,North,TH,Theft,Moderate,29,Medium,Pending,23,0,30,9,2024,3,0,1,Night,0.11458904834232475,1311,8016,1311_8016,64,64,298.2444840237305,2,2,3,7,2,2,4,Adult,99.1348836686576
9076,2024-08-12 18:23:09,1,13.0827,80.2707,Central,TH,Theft,Moderate,54,Critical,Closed,18,0,12,8,2024,3,0,0,Evening,0.0,1308,8027,1308_8027,65,65,650.0,5,0,1,7,2,4,5,Middle-aged,204.8
9077,2023-11-04 19:49:52,1,13.0827,80.2707,Central,FR,Fraud,Moderate,63,Critical,Cold Case,19,5,4,11,2023,4,1,0,Evening,0.0,1308,8027,1308_8027,65,65,650.0,5,0,1,4,2,4,6,Senior,204.8
9078,2024-01-11 22:09:31,3,13.0418,80.2337,West,CY,Cybercrime,Serious,60,Medium,Cold Case,22,3,11,1,2024,1,0,1,Night,0.05515260646606381,1304,8023,1304_8023,59,59,380.2707627274372,3,4,3,2,3,2,6,Middle-aged,123.45045958746194
9079,2023-03-19 18:45:28,4,12.9716,80.2215,East,DR,Drug Related,Critical,51,Critical,Assigned,18,6,19,3,2023,1,1,0,Evening,0.12150658418373878,1297,8022,1297_8022,56,56,252.81415541827974,2,1,1,3,4,4,2,Middle-aged,85.19809277933007
9080,2023-02-27 17:31:31,1,13.0827,80.2707,Central,TH,Theft,Moderate,63,High,Reported,17,0,27,2,2023,1,0,0,Afternoon,0.0,1308,8027,1308_8027,65,65,650.0,2,0,0,7,2,3,1,Senior,204.8
9081,2023-09-18 20:27:52,4,12.9716,80.2215,East,VN,Vandalism,Minor,60,Low,Closed,20,0,18,9,2023,3,0,1,Evening,0.12150658418373878,1297,8022,1297_8022,56,56,252.81415541827974,2,1,1,8,1,1,5,Middle-aged,83.99809277933008
9082,2024-01-09 21:10:22,5,13.1134,80.1603,North,AS,Assault,Serious,63,High,Pending,21,1,9,1,2024,1,0,1,Evening,0.11458904834232475,1311,8016,1311_8016,64,64,298.2444840237305,4,2,1,0,3,3,4,Senior,99.5348836686576
9083,2024-05-11 07:48:20,3,13.0418,80.2337,West,BR,Burglary,Serious,67,Low,Assigned,7,5,11,5,2024,2,1,0,Morning,0.05515260646606381,1304,8023,1304_8023,59,59,380.2707627274372,3,4,2,1,3,1,2,Senior,123.45045958746194
9084,2023-08-26 13:34:41,3,13.0418,80.2337,West,HM,Homicide,Critical,68,High,Assigned,13,5,26,8,2023,3,1,0,Afternoon,0.05515260646606381,1304,8023,1304_8023,59,59,380.2707627274372,4,4,0,5,4,3,2,Senior,123.85045958746193
9085,2023-06-29 04:12:18,4,12.9716,80.2215,East,FR,Fraud,Moderate,63,Low,Closed,4,3,29,6,2023,2,0,1,Night,0.12150658418373878,1297,8022,1297_8022,56,56,252.81415541827974,3,1,3,4,2,1,5,Senior,84.39809277933007
9086,2024-05-09 16:23:57,5,13.1134,80.1603,North,CY,Cybercrime,Serious,36,Critical,Assigned,16,3,9,5,2024,2,0,0,Afternoon,0.11458904834232475,1311,8016,1311_8016,64,64,298.2444840237305,3,2,0,2,3,4,2,Adult,99.5348836686576
9087,2024-04-30 21:55:49,4,12.9716,80.2215,East,VT,Vehicle Theft,Moderate,58,Critical,Reported,21,1,30,4,2024,2,0,1,Evening,0.12150658418373878,1297,8022,1297_8022,56,56,252.81415541827974,4,1,1,9,2,4,1,Middle-aged,84.39809277933007
9088,2024-02-19 13:45:30,1,13.0827,80.2707,Central,TH,Theft,Moderate,34,Critical,Cold Case,13,0,19,2,2024,1,0,0,Afternoon,0.0,1308,8027,1308_8027,65,65,650.0,2,0,0,7,2,4,6,Adult,204.8
9089,2023-06-24 06:37:39,5,13.1134,80.1603,North,RB,Robbery,Critical,36,Low,Assigned,6,5,24,6,2023,2,1,1,Morning,0.11458904834232475,1311,8016,1311_8016,64,64,298.2444840237305,2,2,2,6,4,1,2,Adult,99.93488366865759
9090,2024-03-20 17:52:40,2,13.0404,80.2824,South,BR,Burglary,Serious,65,Low,Reported,17,2,20,3,2024,1,0,0,Afternoon,0.04388826722485012,1304,8028,1304_8028,56,56,389.1908706669626,3,3,0,1,3,1,1,Senior,125.71110735393493
9091,2023-06-22 06:31:40,4,12.9716,80.2215,East,RB,Robbery,Critical,50,Low,Reported,6,3,22,6,2023,2,0,1,Morning,0.12150658418373878,1297,8022,1297_8022,56,56,252.81415541827974,2,1,2,6,4,1,1,Middle-aged,85.19809277933007
9092,2024-04-18 22:46:39,1,13.0827,80.2707,Central,AS,Assault,Serious,69,Critical,Pending,22,3,18,4,2024,2,0,1,Night,0.0,1308,8027,1308_8027,65,65,650.0,3,0,3,0,3,4,4,Senior,205.2
9093,2023-11-15 19:36:54,2,13.0404,80.2824,South,AS,Assault,Serious,48,Critical,Under Investigation,19,2,15,11,2023,4,0,0,Evening,0.04388826722485012,1304,8028,1304_8028,56,56,389.1908706669626,5,3,1,0,3,4,3,Middle-aged,125.71110735393493
9094,2023-03-28 16:42:54,5,13.1134,80.1603,North,VN,Vandalism,Minor,36,Critical,Under Investigation,16,1,28,3,2023,1,0,0,Afternoon,0.11458904834232475,1311,8016,1311_8016,64,64,298.2444840237305,4,2,0,8,1,4,3,Adult,98.7348836686576
9095,2023-12-09 16:48:20,5,13.1134,80.1603,North,VT,Vehicle Theft,Moderate,74,Critical,Reported,16,5,9,12,2023,4,1,0,Afternoon,0.11458904834232475,1311,8016,1311_8016,64,64,298.2444840237305,3,2,0,9,2,4,1,Senior,99.1348836686576
9096,2023-12-27 16:30:43,3,13.0418,80.2337,West,HM,Homicide,Critical,67,Critical,Assigned,16,2,27,12,2023,4,0,0,Afternoon,0.05515260646606381,1304,8023,1304_8023,59,59,380.2707627274372,4,4,0,5,4,4,2,Senior,123.85045958746193
9097,2024-08-10 15:43:46,1,13.0827,80.2707,Central,RB,Robbery,Critical,38,Medium,Closed,15,5,10,8,2024,3,1,0,Afternoon,0.0,1308,8027,1308_8027,65,65,650.0,3,0,0,6,4,2,5,Adult,205.6
9098,2024-01-15 19:47:29,5,13.1134,80.1603,North,VN,Vandalism,Minor,74,Critical,Pending,19,0,15,1,2024,1,0,0,Evening,0.11458904834232475,1311,8016,1311_8016,64,64,298.2444840237305,6,2,1,8,1,4,4,Senior,98.7348836686576
9099,2023-06-27 09:43:22,2,13.0404,80.2824,South,AS,Assault,Serious,25,Critical,Assigned,9,1,27,6,2023,2,0,0,Morning,0.04388826722485012,1304,8028,1304_8028,56,56,389.1908706669626,1,3,2,0,3,4,2,Young,125.71110735393493
9100,2024-09-11 22:32:24,2,13.0404,80.2824,South,FR,Fraud,Moderate,44,Medium,Assigned,22,2,11,9,2024,3,0,1,Night,0.04388826722485012,1304,8028,1304_8028,56,56,389.1908706669626,2,3,3,4,2,2,2,Middle-aged,125.31110735393493
9101,2023-10-22 05:21:01,3,13.0418,80.2337,West,TH,Theft,Moderate,29,Medium,Assigned,5,6,22,10,2023,4,1,1,Night,0.05515260646606381,1304,8023,1304_8023,59,59,380.2707627274372,1,4,3,7,2,2,2,Adult,123.05045958746193
9102,2024-09-17 20:34:11,3,13.0418,80.2337,West,DR,Drug Related,Critical,38,Low,Closed,20,1,17,9,2024,3,0,1,Evening,0.05515260646606381,1304,8023,1304_8023,59,59,380.2707627274372,4,4,1,3,4,1,5,Adult,123.85045958746193
9103,2024-05-19 20:34:50,4,12.9716,80.2215,East,HM,Homicide,Critical,26,Medium,Pending,20,6,19,5,2024,2,1,1,Evening,0.12150658418373878,1297,8022,1297_8022,56,56,252.81415541827974,7,1,1,5,4,2,4,Adult,85.19809277933007
9104,2023-07-13 17:06:11,4,12.9716,80.2215,East,HM,Homicide,Critical,68,Critical,Cold Case,17,3,13,7,2023,3,0,0,Afternoon,0.12150658418373878,1297,8022,1297_8022,56,56,252.81415541827974,2,1,0,5,4,4,6,Senior,85.19809277933007
9105,2024-03-04 12:12:40,5,13.1134,80.1603,North,TH,Theft,Moderate,52,Low,Reported,12,0,4,3,2024,1,0,0,Afternoon,0.11458904834232475,1311,8016,1311_8016,64,64,298.2444840237305,4,2,0,7,2,1,1,Middle-aged,99.1348836686576
9106,2023-11-14 22:06:32,1,13.0827,80.2707,Central,RB,Robbery,Critical,55,Low,Cold Case,22,1,14,11,2023,4,0,1,Night,0.0,1308,8027,1308_8027,65,65,650.0,5,0,3,6,4,1,6,Middle-aged,205.6
9107,2024-02-14 12:28:22,1,13.0827,80.2707,Central,FR,Fraud,Moderate,20,Medium,Pending,12,2,14,2,2024,1,0,0,Afternoon,0.0,1308,8027,1308_8027,65,65,650.0,2,0,0,4,2,2,4,Young,204.8
9108,2023-04-25 20:22:41,5,13.1134,80.1603,North,FR,Fraud,Moderate,68,High,Closed,20,1,25,4,2023,2,0,1,Evening,0.11458904834232475,1311,8016,1311_8016,64,64,298.2444840237305,4,2,1,4,2,3,5,Senior,99.1348836686576
9109,2024-05-27 06:35:50,4,12.9716,80.2215,East,AS,Assault,Serious,51,Medium,Closed,6,0,27,5,2024,2,0,1,Morning,0.12150658418373878,1297,8022,1297_8022,56,56,252.81415541827974,2,1,2,0,3,2,5,Middle-aged,84.79809277933008
9110,2024-02-24 20:23:27,1,13.0827,80.2707,Central,VN,Vandalism,Minor,63,Critical,Under Investigation,20,5,24,2,2024,1,1,1,Evening,0.0,1308,8027,1308_8027,65,65,650.0,5,0,1,8,1,4,3,Senior,204.4
9111,2023-01-10 17:58:35,4,12.9716,80.2215,East,TH,Theft,Moderate,63,Low,Closed,17,1,10,1,2023,1,0,0,Afternoon,0.12150658418373878,1297,8022,1297_8022,56,56,252.81415541827974,3,1,0,7,2,1,5,Senior,84.39809277933007
9112,2024-10-10 00:15:33,5,13.1134,80.1603,North,FR,Fraud,Moderate,75,Medium,Assigned,0,3,10,10,2024,4,0,1,Night,0.11458904834232475,1311,8016,1311_8016,64,64,298.2444840237305,1,2,3,4,2,2,2,Senior,99.1348836686576
9113,2023-09-19 12:54:50,2,13.0404,80.2824,South,FR,Fraud,Moderate,59,Medium,Assigned,12,1,19,9,2023,3,0,0,Afternoon,0.04388826722485012,1304,8028,1304_8028,56,56,389.1908706669626,1,3,0,4,2,2,2,Middle-aged,125.31110735393493
9114,2023-03-08 04:23:52,4,12.9716,80.2215,East,VN,Vandalism,Minor,33,Critical,Under Investigation,4,2,8,3,2023,1,0,1,Night,0.12150658418373878,1297,8022,1297_8022,56,56,252.81415541827974,2,1,3,8,1,4,3,Adult,83.99809277933008
9115,2023-02-15 06:54:07,1,13.0827,80.2707,Central,FR,Fraud,Moderate,29,Critical,Pending,6,2,15,2,2023,1,0,1,Morning,0.0,1308,8027,1308_8027,65,65,650.0,1,0,2,4,2,4,4,Adult,204.8
9116,2023-01-25 21:19:22,3,13.0418,80.2337,West,VT,Vehicle Theft,Moderate,66,Medium,Under Investigation,21,2,25,1,2023,1,0,1,Evening,0.05515260646606381,1304,8023,1304_8023,59,59,380.2707627274372,3,4,1,9,2,2,3,Senior,123.05045958746193
9117,2024-04-12 18:24:05,5,13.1134,80.1603,North,HM,Homicide,Critical,38,Medium,Closed,18,4,12,4,2024,2,0,0,Evening,0.11458904834232475,1311,8016,1311_8016,64,64,298.2444840237305,3,2,1,5,4,2,5,Adult,99.93488366865759
9118,2024-06-16 20:29:39,2,13.0404,80.2824,South,CY,Cybercrime,Serious,72,Medium,Pending,20,6,16,6,2024,2,1,1,Evening,0.04388826722485012,1304,8028,1304_8028,56,56,389.1908706669626,7,3,1,2,3,2,4,Senior,125.71110735393493
9119,2024-08-16 12:47:09,5,13.1134,80.1603,North,FR,Fraud,Moderate,29,Medium,Reported,12,4,16,8,2024,3,0,0,Afternoon,0.11458904834232475,1311,8016,1311_8016,64,64,298.2444840237305,4,2,0,4,2,2,1,Adult,99.1348836686576
9120,2024-12-23 15:42:53,4,12.9716,80.2215,East,VN,Vandalism,Minor,33,Critical,Pending,15,0,23,12,2024,4,0,0,Afternoon,0.12150658418373878,1297,8022,1297_8022,56,56,252.81415541827974,5,1,0,8,1,4,4,Adult,83.99809277933008
9121,2024-05-12 15:08:38,4,12.9716,80.2215,East,VT,Vehicle Theft,Moderate,25,Low,Pending,15,6,12,5,2024,2,1,0,Afternoon,0.12150658418373878,1297,8022,1297_8022,56,56,252.81415541827974,4,1,0,9,2,1,4,Young,84.39809277933007
9122,2024-10-11 22:42:15,3,13.0418,80.2337,West,VT,Vehicle Theft,Moderate,35,Critical,Closed,22,4,11,10,2024,4,0,1,Night,0.05515260646606381,1304,8023,1304_8023,59,59,380.2707627274372,3,4,3,9,2,4,5,Adult,123.05045958746193
9123,2024-11-06 08:38:26,4,12.9716,80.2215,East,AS,Assault,Serious,70,Low,Cold Case,8,2,6,11,2024,4,0,0,Morning,0.12150658418373878,1297,8022,1297_8022,56,56,252.81415541827974,1,1,2,0,3,1,6,Senior,84.79809277933008
9124,2023-06-28 20:36:22,3,13.0418,80.2337,West,TH,Theft,Moderate,25,Medium,Under Investigation,20,2,28,6,2023,2,0,1,Evening,0.05515260646606381,1304,8023,1304_8023,59,59,380.2707627274372,3,4,1,7,2,2,3,Young,123.05045958746193
9125,2024-03-13 21:33:46,1,13.0827,80.2707,Central,DR,Drug Related,Critical,65,Medium,Reported,21,2,13,3,2024,1,0,1,Evening,0.0,1308,8027,1308_8027,65,65,650.0,3,0,1,3,4,2,1,Senior,205.6
9126,2024-02-08 18:23:08,1,13.0827,80.2707,Central,HM,Homicide,Critical,29,Low,Assigned,18,3,8,2,2024,1,0,0,Evening,0.0,1308,8027,1308_8027,65,65,650.0,6,0,1,5,4,1,2,Adult,205.6
9127,2023-10-04 17:06:44,3,13.0418,80.2337,West,VN,Vandalism,Minor,69,Low,Reported,17,2,4,10,2023,4,0,0,Afternoon,0.05515260646606381,1304,8023,1304_8023,59,59,380.2707627274372,3,4,0,8,1,1,1,Senior,122.65045958746194
9128,2023-08-14 02:47:20,4,12.9716,80.2215,East,RB,Robbery,Critical,34,Low,Cold Case,2,0,14,8,2023,3,0,1,Night,0.12150658418373878,1297,8022,1297_8022,56,56,252.81415541827974,1,1,3,6,4,1,6,Adult,85.19809277933007
9129,2023-12-29 11:30:14,5,13.1134,80.1603,North,CY,Cybercrime,Serious,66,High,Cold Case,11,4,29,12,2023,4,0,0,Morning,0.11458904834232475,1311,8016,1311_8016,64,64,298.2444840237305,1,2,2,2,3,3,6,Senior,99.5348836686576
9130,2023-05-14 22:34:55,2,13.0404,80.2824,South,VN,Vandalism,Minor,30,Critical,Reported,22,6,14,5,2023,2,1,1,Night,0.04388826722485012,1304,8028,1304_8028,56,56,389.1908706669626,3,3,3,8,1,4,1,Adult,124.91110735393494
9131,2023-02-02 18:43:23,2,13.0404,80.2824,South,AS,Assault,Serious,30,Medium,Assigned,18,3,2,2,2023,1,0,0,Evening,0.04388826722485012,1304,8028,1304_8028,56,56,389.1908706669626,6,3,1,0,3,2,2,Adult,125.71110735393493
9132,2023-12-14 15:23:26,5,13.1134,80.1603,North,AS,Assault,Serious,43,High,Under Investigation,15,3,14,12,2023,4,0,0,Afternoon,0.11458904834232475,1311,8016,1311_8016,64,64,298.2444840237305,3,2,0,0,3,3,3,Middle-aged,99.5348836686576
9133,2024-08-26 14:47:19,3,13.0418,80.2337,West,RB,Robbery,Critical,48,Critical,Pending,14,0,26,8,2024,3,0,0,Afternoon,0.05515260646606381,1304,8023,1304_8023,59,59,380.2707627274372,3,4,0,6,4,4,4,Middle-aged,123.85045958746193
9134,2024-07-27 20:24:13,3,13.0418,80.2337,West,CY,Cybercrime,Serious,63,Medium,Reported,20,5,27,7,2024,3,1,1,Evening,0.05515260646606381,1304,8023,1304_8023,59,59,380.2707627274372,5,4,1,2,3,2,1,Senior,123.45045958746194
9135,2024-12-24 21:30:16,5,13.1134,80.1603,North,RB,Robbery,Critical,70,Medium,Under Investigation,21,1,24,12,2024,4,0,1,Evening,0.11458904834232475,1311,8016,1311_8016,64,64,298.2444840237305,4,2,1,6,4,2,3,Senior,99.93488366865759
9136,2024-01-26 17:27:42,1,13.0827,80.2707,Central,VT,Vehicle Theft,Moderate,59,Medium,Reported,17,4,26,1,2024,1,0,0,Afternoon,0.0,1308,8027,1308_8027,65,65,650.0,1,0,0,9,2,2,1,Middle-aged,204.8
9137,2024-10-08 13:51:54,2,13.0404,80.2824,South,DR,Drug Related,Critical,36,High,Assigned,13,1,8,10,2024,4,0,0,Afternoon,0.04388826722485012,1304,8028,1304_8028,56,56,389.1908706669626,3,3,0,3,4,3,2,Adult,126.11110735393493
9138,2023-10-12 11:09:18,2,13.0404,80.2824,South,VT,Vehicle Theft,Moderate,59,Low,Closed,11,3,12,10,2023,4,0,0,Morning,0.04388826722485012,1304,8028,1304_8028,56,56,389.1908706669626,1,3,2,9,2,1,5,Middle-aged,125.31110735393493
9139,2024-10-06 21:39:02,5,13.1134,80.1603,North,FR,Fraud,Moderate,27,Critical,Cold Case,21,6,6,10,2024,4,1,1,Evening,0.11458904834232475,1311,8016,1311_8016,64,64,298.2444840237305,4,2,1,4,2,4,6,Adult,99.1348836686576
9140,2023-08-27 16:16:13,5,13.1134,80.1603,North,TH,Theft,Moderate,66,Low,Closed,16,6,27,8,2023,3,1,0,Afternoon,0.11458904834232475,1311,8016,1311_8016,64,64,298.2444840237305,4,2,0,7,2,1,5,Senior,99.1348836686576
9141,2024-10-16 01:35:49,1,13.0827,80.2707,Central,HM,Homicide,Critical,52,Critical,Assigned,1,2,16,10,2024,4,0,1,Night,0.0,1308,8027,1308_8027,65,65,650.0,3,0,3,5,4,4,2,Middle-aged,205.6
9142,2024-10-21 18:56:31,5,13.1134,80.1603,North,TH,Theft,Moderate,63,High,Assigned,18,0,21,10,2024,4,0,0,Evening,0.11458904834232475,1311,8016,1311_8016,64,64,298.2444840237305,5,2,1,7,2,3,2,Senior,99.1348836686576
9143,2023-05-06 20:39:02,1,13.0827,80.2707,Central,RB,Robbery,Critical,55,Critical,Closed,20,5,6,5,2023,2,1,1,Evening,0.0,1308,8027,1308_8027,65,65,650.0,5,0,1,6,4,4,5,Middle-aged,205.6
9144,2023-06-24 14:53:05,1,13.0827,80.2707,Central,DR,Drug Related,Critical,34,Medium,Reported,14,5,24,6,2023,2,1,0,Afternoon,0.0,1308,8027,1308_8027,65,65,650.0,1,0,0,3,4,2,1,Adult,205.6
9145,2024-03-07 17:12:45,2,13.0404,80.2824,South,CY,Cybercrime,Serious,22,Medium,Closed,17,3,7,3,2024,1,0,0,Afternoon,0.04388826722485012,1304,8028,1304_8028,56,56,389.1908706669626,2,3,0,2,3,2,5,Young,125.71110735393493
9146,2023-03-28 16:43:42,3,13.0418,80.2337,West,TH,Theft,Moderate,50,Low,Reported,16,1,28,3,2023,1,0,0,Afternoon,0.05515260646606381,1304,8023,1304_8023,59,59,380.2707627274372,4,4,0,7,2,1,1,Middle-aged,123.05045958746193
9147,2023-04-12 01:06:57,4,12.9716,80.2215,East,BR,Burglary,Serious,45,High,Closed,1,2,12,4,2023,2,0,1,Night,0.12150658418373878,1297,8022,1297_8022,56,56,252.81415541827974,3,1,3,1,3,3,5,Middle-aged,84.79809277933008
9148,2023-01-11 20:42:00,1,13.0827,80.2707,Central,CY,Cybercrime,Serious,28,Critical,Closed,20,2,11,1,2023,1,0,1,Evening,0.0,1308,8027,1308_8027,65,65,650.0,3,0,1,2,3,4,5,Adult,205.2
9149,2024-05-30 03:35:07,2,13.0404,80.2824,South,DR,Drug Related,Critical,38,Critical,Assigned,3,3,30,5,2024,2,0,1,Night,0.04388826722485012,1304,8028,1304_8028,56,56,389.1908706669626,1,3,3,3,4,4,2,Adult,126.11110735393493
9150,2024-07-06 09:35:35,5,13.1134,80.1603,North,BR,Burglary,Serious,32,Critical,Cold Case,9,5,6,7,2024,3,1,0,Morning,0.11458904834232475,1311,8016,1311_8016,64,64,298.2444840237305,2,2,2,1,3,4,6,Adult,99.5348836686576
9151,2024-04-19 15:28:58,5,13.1134,80.1603,North,VN,Vandalism,Minor,39,High,Closed,15,4,19,4,2024,2,0,0,Afternoon,0.11458904834232475,1311,8016,1311_8016,64,64,298.2444840237305,1,2,0,8,1,3,5,Adult,98.7348836686576
9152,2023-07-02 13:42:23,4,12.9716,80.2215,East,TH,Theft,Moderate,70,Low,Under Investigation,13,6,2,7,2023,3,1,0,Afternoon,0.12150658418373878,1297,8022,1297_8022,56,56,252.81415541827974,3,1,0,7,2,1,3,Senior,84.39809277933007
9153,2024-01-13 20:02:06,5,13.1134,80.1603,North,RB,Robbery,Critical,45,Medium,Assigned,20,5,13,1,2024,1,1,1,Evening,0.11458904834232475,1311,8016,1311_8016,64,64,298.2444840237305,5,2,1,6,4,2,2,Middle-aged,99.93488366865759
9154,2024-07-21 13:23:25,1,13.0827,80.2707,Central,VN,Vandalism,Minor,52,Medium,Reported,13,6,21,7,2024,3,1,0,Afternoon,0.0,1308,8027,1308_8027,65,65,650.0,3,0,0,8,1,2,1,Middle-aged,204.4
9155,2024-08-03 18:30:33,5,13.1134,80.1603,North,FR,Fraud,Moderate,34,High,Cold Case,18,5,3,8,2024,3,1,0,Evening,0.11458904834232475,1311,8016,1311_8016,64,64,298.2444840237305,1,2,1,4,2,3,6,Adult,99.1348836686576
9156,2024-03-15 23:07:01,3,13.0418,80.2337,West,RB,Robbery,Critical,43,Low,Assigned,23,4,15,3,2024,1,0,1,Night,0.05515260646606381,1304,8023,1304_8023,59,59,380.2707627274372,2,4,3,6,4,1,2,Middle-aged,123.85045958746193
9259,2024-10-28 12:05:12,5,13.1134,80.1603,North,CY,Cybercrime,Serious,70,Medium,Assigned,12,0,28,10,2024,4,0,0,Afternoon,0.11458904834232475,1311,8016,1311_8016,64,64,298.2444840237305,4,2,0,2,3,2,2,Senior,99.5348836686576
9260,2023-04-21 12:45:57,4,12.9716,80.2215,East,VN,Vandalism,Minor,18,Medium,Pending,12,4,21,4,2023,2,0,0,Afternoon,0.12150658418373878,1297,8022,1297_8022,56,56,252.81415541827974,4,1,0,8,1,2,4,Young,83.99809277933008
9261,2023-06-27 16:53:34,3,13.0418,80.2337,West,RB,Robbery,Critical,30,Low,Closed,16,1,27,6,2023,2,0,0,Afternoon,0.05515260646606381,1304,8023,1304_8023,59,59,380.2707627274372,4,4,0,6,4,1,5,Adult,123.85045958746193
9262,2024-03-11 18:05:42,1,13.0827,80.2707,Central,DR,Drug Related,Critical,64,Medium,Closed,18,0,11,3,2024,1,0,0,Evening,0.0,1308,8027,1308_8027,65,65,650.0,5,0,1,3,4,2,5,Senior,205.6
9263,2023-07-07 20:53:11,5,13.1134,80.1603,North,CY,Cybercrime,Serious,43,Low,Under Investigation,20,4,7,7,2023,3,0,1,Evening,0.11458904834232475,1311,8016,1311_8016,64,64,298.2444840237305,3,2,1,2,3,1,3,Middle-aged,99.5348836686576
9264,2024-02-18 16:24:24,3,13.0418,80.2337,West,AS,Assault,Serious,45,Critical,Under Investigation,16,6,18,2,2024,1,1,0,Afternoon,0.05515260646606381,1304,8023,1304_8023,59,59,380.2707627274372,4,4,0,0,3,4,3,Middle-aged,123.45045958746194
9265,2024-01-29 14:22:11,1,13.0827,80.2707,Central,RB,Robbery,Critical,67,Low,Under Investigation,14,0,29,1,2024,1,0,0,Afternoon,0.0,1308,8027,1308_8027,65,65,650.0,3,0,0,6,4,1,3,Senior,205.6
9266,2023-01-03 22:45:52,1,13.0827,80.2707,Central,HM,Homicide,Critical,33,High,Under Investigation,22,1,3,1,2023,1,0,1,Night,0.0,1308,8027,1308_8027,65,65,650.0,5,0,3,5,4,3,3,Adult,205.6
9267,2023-08-28 16:39:45,4,12.9716,80.2215,East,BR,Burglary,Serious,50,High,Under Investigation,16,0,28,8,2023,3,0,0,Afternoon,0.12150658418373878,1297,8022,1297_8022,56,56,252.81415541827974,3,1,0,1,3,3,3,Middle-aged,84.79809277933008
9268,2024-05-26 20:07:38,5,13.1134,80.1603,North,FR,Fraud,Moderate,34,Low,Under Investigation,20,6,26,5,2024,2,1,1,Evening,0.11458904834232475,1311,8016,1311_8016,64,64,298.2444840237305,7,2,1,4,2,1,3,Adult,99.1348836686576
9269,2023-08-21 21:20:59,2,13.0404,80.2824,South,BR,Burglary,Serious,63,Medium,Under Investigation,21,0,21,8,2023,3,0,1,Evening,0.04388826722485012,1304,8028,1304_8028,56,56,389.1908706669626,1,3,1,1,3,2,3,Senior,125.71110735393493
9270,2023-03-17 08:27:40,3,13.0418,80.2337,West,CY,Cybercrime,Serious,38,Medium,Assigned,8,4,17,3,2023,1,0,0,Morning,0.05515260646606381,1304,8023,1304_8023,59,59,380.2707627274372,6,4,2,2,3,2,2,Adult,123.45045958746194
9271,2024-08-02 21:16:29,5,13.1134,80.1603,North,DR,Drug Related,Critical,66,Medium,Closed,21,4,2,8,2024,3,0,1,Evening,0.11458904834232475,1311,8016,1311_8016,64,64,298.2444840237305,2,2,1,3,4,2,5,Senior,99.93488366865759
9272,2024-04-01 15:45:21,3,13.0418,80.2337,West,FR,Fraud,Moderate,27,Critical,Pending,15,0,1,4,2024,2,0,0,Afternoon,0.05515260646606381,1304,8023,1304_8023,59,59,380.2707627274372,5,4,0,4,2,4,4,Adult,123.05045958746193
9273,2023-02-15 19:18:13,2,13.0404,80.2824,South,FR,Fraud,Moderate,32,Critical,Assigned,19,2,15,2,2023,1,0,0,Evening,0.04388826722485012,1304,8028,1304_8028,56,56,389.1908706669626,5,3,1,4,2,4,2,Adult,125.31110735393493
9274,2023-12-04 19:52:22,5,13.1134,80.1603,North,DR,Drug Related,Critical,64,High,Pending,19,0,4,12,2023,4,0,0,Evening,0.11458904834232475,1311,8016,1311_8016,64,64,298.2444840237305,6,2,1,3,4,3,4,Senior,99.93488366865759
9275,2024-10-13 20:42:18,1,13.0827,80.2707,Central,FR,Fraud,Moderate,33,High,Assigned,20,6,13,10,2024,4,1,1,Evening,0.0,1308,8027,1308_8027,65,65,650.0,7,0,1,4,2,3,2,Adult,204.8
9276,2024-07-12 22:24:19,4,12.9716,80.2215,East,FR,Fraud,Moderate,40,Critical,Reported,22,4,12,7,2024,3,0,1,Night,0.12150658418373878,1297,8022,1297_8022,56,56,252.81415541827974,3,1,3,4,2,4,1,Adult,84.39809277933007
9277,2024-05-30 04:44:22,1,13.0827,80.2707,Central,VT,Vehicle Theft,Moderate,74,High,Under Investigation,4,3,30,5,2024,2,0,1,Night,0.0,1308,8027,1308_8027,65,65,650.0,3,0,3,9,2,3,3,Senior,204.8
9278,2023-02-15 21:49:12,1,13.0827,80.2707,Central,BR,Burglary,Serious,68,High,Closed,21,2,15,2,2023,1,0,1,Evening,0.0,1308,8027,1308_8027,65,65,650.0,3,0,1,1,3,3,5,Senior,205.2
9279,2023-01-17 16:04:16,5,13.1134,80.1603,North,AS,Assault,Serious,36,Low,Reported,16,1,17,1,2023,1,0,0,Afternoon,0.11458904834232475,1311,8016,1311_8016,64,64,298.2444840237305,4,2,0,0,3,1,1,Adult,99.5348836686576
9280,2024-07-25 10:21:03,5,13.1134,80.1603,North,AS,Assault,Serious,56,Critical,Under Investigation,10,3,25,7,2024,3,0,0,Morning,0.11458904834232475,1311,8016,1311_8016,64,64,298.2444840237305,2,2,2,0,3,4,3,Middle-aged,99.5348836686576
9281,2023-05-06 13:34:45,4,12.9716,80.2215,East,FR,Fraud,Moderate,59,Low,Pending,13,5,6,5,2023,2,1,0,Afternoon,0.12150658418373878,1297,8022,1297_8022,56,56,252.81415541827974,4,1,0,4,2,1,4,Middle-aged,84.39809277933007
9282,2024-12-04 12:25:06,1,13.0827,80.2707,Central,BR,Burglary,Serious,64,Medium,Assigned,12,2,4,12,2024,4,0,0,Afternoon,0.0,1308,8027,1308_8027,65,65,650.0,2,0,0,1,3,2,2,Senior,205.2
9283,2024-08-27 20:00:39,2,13.0404,80.2824,South,HM,Homicide,Critical,36,Critical,Reported,20,1,27,8,2024,3,0,1,Evening,0.04388826722485012,1304,8028,1304_8028,56,56,389.1908706669626,4,3,1,5,4,4,1,Adult,126.11110735393493
9284,2023-04-25 13:25:19,5,13.1134,80.1603,North,VN,Vandalism,Minor,36,Low,Closed,13,1,25,4,2023,2,0,0,Afternoon,0.11458904834232475,1311,8016,1311_8016,64,64,298.2444840237305,3,2,0,8,1,1,5,Adult,98.7348836686576
9285,2024-07-05 08:51:04,4,12.9716,80.2215,East,BR,Burglary,Serious,64,Low,Closed,8,4,5,7,2024,3,0,0,Morning,0.12150658418373878,1297,8022,1297_8022,56,56,252.81415541827974,6,1,2,1,3,1,5,Senior,84.79809277933008
9286,2023-02-07 05:38:20,1,13.0827,80.2707,Central,TH,Theft,Moderate,33,High,Assigned,5,1,7,2,2023,1,0,1,Night,0.0,1308,8027,1308_8027,65,65,650.0,1,0,3,7,2,3,2,Adult,204.8
9287,2023-01-12 20:52:43,5,13.1134,80.1603,North,DR,Drug Related,Critical,37,Medium,Cold Case,20,3,12,1,2023,1,0,1,Evening,0.11458904834232475,1311,8016,1311_8016,64,64,298.2444840237305,2,2,1,3,4,2,6,Adult,99.93488366865759
9288,2023-02-23 15:33:19,5,13.1134,80.1603,North,VN,Vandalism,Minor,47,Low,Pending,15,3,23,2,2023,1,0,0,Afternoon,0.11458904834232475,1311,8016,1311_8016,64,64,298.2444840237305,3,2,0,8,1,1,4,Middle-aged,98.7348836686576
9289,2023-10-26 10:04:51,2,13.0404,80.2824,South,AS,Assault,Serious,53,Critical,Cold Case,10,3,26,10,2023,4,0,0,Morning,0.04388826722485012,1304,8028,1304_8028,56,56,389.1908706669626,2,3,2,0,3,4,6,Middle-aged,125.71110735393493
9290,2024-01-23 22:19:19,4,12.9716,80.2215,East,AS,Assault,Serious,42,High,Closed,22,1,23,1,2024,1,0,1,Night,0.12150658418373878,1297,8022,1297_8022,56,56,252.81415541827974,5,1,3,0,3,3,5,Middle-aged,84.79809277933008
9291,2024-09-27 08:42:36,5,13.1134,80.1603,North,BR,Burglary,Serious,24,Critical,Assigned,8,4,27,9,2024,3,0,0,Morning,0.11458904834232475,1311,8016,1311_8016,64,64,298.2444840237305,6,2,2,1,3,4,2,Young,99.5348836686576
9292,2024-09-11 19:19:21,3,13.0418,80.2337,West,VT,Vehicle Theft,Moderate,64,Low,Cold Case,19,2,11,9,2024,3,0,0,Evening,0.05515260646606381,1304,8023,1304_8023,59,59,380.2707627274372,5,4,1,9,2,1,6,Senior,123.05045958746193
9293,2023-01-17 15:56:01,2,13.0404,80.2824,South,VT,Vehicle Theft,Moderate,48,High,Cold Case,15,1,17,1,2023,1,0,0,Afternoon,0.04388826722485012,1304,8028,1304_8028,56,56,389.1908706669626,3,3,0,9,2,3,6,Middle-aged,125.31110735393493
9294,2024-02-16 18:17:04,3,13.0418,80.2337,West,DR,Drug Related,Critical,18,Critical,Under Investigation,18,4,16,2,2024,1,0,0,Evening,0.05515260646606381,1304,8023,1304_8023,59,59,380.2707627274372,3,4,1,3,4,4,3,Young,123.85045958746193
9295,2023-12-02 23:21:12,5,13.1134,80.1603,North,DR,Drug Related,Critical,24,Low,Pending,23,5,2,12,2023,4,1,1,Night,0.11458904834232475,1311,8016,1311_8016,64,64,298.2444840237305,2,2,3,3,4,1,4,Young,99.93488366865759
9296,2023-09-05 17:45:08,1,13.0827,80.2707,Central,AS,Assault,Serious,32,High,Reported,17,1,5,9,2023,3,0,0,Afternoon,0.0,1308,8027,1308_8027,65,65,650.0,3,0,0,0,3,3,1,Adult,205.2
9297,2023-01-18 14:47:52,4,12.9716,80.2215,East,VT,Vehicle Theft,Moderate,49,Low,Closed,14,2,18,1,2023,1,0,0,Afternoon,0.12150658418373878,1297,8022,1297_8022,56,56,252.81415541827974,1,1,0,9,2,1,5,Middle-aged,84.39809277933007
9298,2023-10-29 19:17:27,5,13.1134,80.1603,North,FR,Fraud,Moderate,57,Critical,Assigned,19,6,29,10,2023,4,1,0,Evening,0.11458904834232475,1311,8016,1311_8016,64,64,298.2444840237305,3,2,1,4,2,4,2,Middle-aged,99.1348836686576
9299,2024-12-05 18:36:37,4,12.9716,80.2215,East,VT,Vehicle Theft,Moderate,55,Critical,Under Investigation,18,3,5,12,2024,4,0,0,Evening,0.12150658418373878,1297,8022,1297_8022,56,56,252.81415541827974,6,1,1,9,2,4,3,Middle-aged,84.39809277933007
9300,2023-12-09 21:04:06,1,13.0827,80.2707,Central,RB,Robbery,Critical,30,Low,Reported,21,5,9,12,2023,4,1,1,Evening,0.0,1308,8027,1308_8027,65,65,650.0,6,0,1,6,4,1,1,Adult,205.6
9301,2023-08-19 21:37:59,2,13.0404,80.2824,South,BR,Burglary,Serious,24,Low,Pending,21,5,19,8,2023,3,1,1,Evening,0.04388826722485012,1304,8028,1304_8028,56,56,389.1908706669626,6,3,1,1,3,1,4,Young,125.71110735393493
9302,2024-04-26 00:11:09,4,12.9716,80.2215,East,BR,Burglary,Serious,51,Medium,Reported,0,4,26,4,2024,2,0,1,Night,0.12150658418373878,1297,8022,1297_8022,56,56,252.81415541827974,1,1,3,1,3,2,1,Middle-aged,84.79809277933008
