case_id,incident_datetime,incident_location,latitude,longitude,district,crime_type_code,crime_type_description,severity_level,complainant_age,priority,status,hour,day_of_week,day_of_month,month,year,quarter,is_weekend,is_night,time_period,dist_from_center,lat_grid,lon_grid,grid_cell,grid_crime_count,district_crime_count,crime_density_score,hour_crime_rate,district_encoded,time_period_encoded,crime_type_code_encoded,severity_score,priority_score,status_encoded,age_group,risk_score,is_anomaly,anomaly_score
9157,2023-09-18 19:27:07,2,13.0404,80.2824,South,VN,Vandalism,Minor,56,Critical,Cold Case,19,0,18,9,2023,3,0,0,Evening,0.0438882672248501,1304,8028,1304_8028,56,56,389.1908706669626,6,3,1,8,1,4,6,Middle-aged,124.91110735393494,False,-0.5310921034408103
9158,2023-12-12 19:40:46,4,12.9716,80.2215,East,AS,Assault,Serious,45,High,Pending,19,1,12,12,2023,4,0,0,Evening,0.1215065841837387,1297,8022,1297_8022,56,56,252.8141554182797,3,1,1,0,3,3,4,Middle-aged,84.79809277933008,False,-0.5151844852482844
9159,2024-05-16 16:32:46,2,13.0404,80.2824,South,VT,Vehicle Theft,Moderate,40,Critical,Closed,16,3,16,5,2024,2,0,0,Afternoon,0.0438882672248501,1304,8028,1304_8028,56,56,389.1908706669626,3,3,0,9,2,4,5,Adult,125.31110735393491,False,-0.47803523932642794
9160,2024-12-18 18:30:24,4,12.9716,80.2215,East,RB,Robbery,Critical,58,Low,Under Investigation,18,2,18,12,2024,4,0,0,Evening,0.1215065841837387,1297,8022,1297_8022,56,56,252.8141554182797,1,1,1,6,4,1,3,Middle-aged,85.19809277933007,False,-0.54055692068869
9161,2024-03-02 05:44:44,5,13.1134,80.1603,North,VT,Vehicle Theft,Moderate,56,High,Cold Case,5,5,2,3,2024,1,1,1,Night,0.1145890483423247,1311,8016,1311_8016,64,64,298.2444840237305,3,2,3,9,2,3,6,Middle-aged,99.1348836686576,True,-0.6043763704341063
9162,2023-11-07 08:39:03,5,13.1134,80.1603,North,TH,Theft,Moderate,63,High,Cold Case,8,1,7,11,2023,4,0,0,Morning,0.1145890483423247,1311,8016,1311_8016,64,64,298.2444840237305,2,2,2,7,2,3,6,Senior,99.1348836686576,False,-0.5349212304898936
9163,2024-01-29 08:55:58,5,13.1134,80.1603,North,CY,Cybercrime,Serious,70,Critical,Reported,8,0,29,1,2024,1,0,0,Morning,0.1145890483423247,1311,8016,1311_8016,64,64,298.2444840237305,2,2,2,2,3,4,1,Senior,99.5348836686576,False,-0.56864333484608
9164,2023-05-10 22:04:49,4,12.9716,80.2215,East,TH,Theft,Moderate,45,Low,Under Investigation,22,2,10,5,2023,2,0,1,Night,0.1215065841837387,1297,8022,1297_8022,56,56,252.8141554182797,2,1,3,7,2,1,3,Middle-aged,84.39809277933007,False,-0.5199201097237732
9165,2024-03-25 19:45:09,3,13.0418,80.2337,West,RB,Robbery,Critical,23,Medium,Cold Case,19,0,25,3,2024,1,0,0,Evening,0.0551526064660638,1304,8023,1304_8023,59,59,380.2707627274372,6,4,1,6,4,2,6,Young,123.85045958746193,False,-0.5353721730665295
9166,2024-03-21 12:05:56,3,13.0418,80.2337,West,CY,Cybercrime,Serious,29,High,Cold Case,12,3,21,3,2024,1,0,0,Afternoon,0.0551526064660638,1304,8023,1304_8023,59,59,380.2707627274372,1,4,0,2,3,3,6,Adult,123.45045958746194,False,-0.5170012499133676
9167,2024-04-08 05:17:59,1,13.0827,80.2707,Central,FR,Fraud,Moderate,29,Medium,Cold Case,5,0,8,4,2024,2,0,1,Night,0.0,1308,8027,1308_8027,65,65,650.0,1,0,3,4,2,2,6,Adult,204.8,False,-0.5717320139956656
9168,2024-04-18 15:36:28,3,13.0418,80.2337,West,VT,Vehicle Theft,Moderate,60,Medium,Assigned,15,3,18,4,2024,2,0,0,Afternoon,0.0551526064660638,1304,8023,1304_8023,59,59,380.2707627274372,3,4,0,9,2,2,2,Middle-aged,123.05045958746192,False,-0.46743206132780557
9169,2024-06-10 14:42:55,5,13.1134,80.1603,North,DR,Drug Related,Critical,49,High,Closed,14,0,10,6,2024,2,0,0,Afternoon,0.1145890483423247,1311,8016,1311_8016,64,64,298.2444840237305,3,2,0,3,4,3,5,Middle-aged,99.9348836686576,False,-0.4887701005088026
9170,2024-04-02 07:40:24,3,13.0418,80.2337,West,VT,Vehicle Theft,Moderate,60,Low,Under Investigation,7,1,2,4,2024,2,0,0,Morning,0.0551526064660638,1304,8023,1304_8023,59,59,380.2707627274372,2,4,2,9,2,1,3,Middle-aged,123.05045958746192,False,-0.48892769396043184
9171,2024-04-23 14:27:49,2,13.0404,80.2824,South,VT,Vehicle Theft,Moderate,68,Medium,Under Investigation,14,1,23,4,2024,2,0,0,Afternoon,0.0438882672248501,1304,8028,1304_8028,56,56,389.1908706669626,1,3,0,9,2,2,3,Senior,125.31110735393491,False,-0.5197452996835663
9172,2024-09-19 21:36:46,1,13.0827,80.2707,Central,CY,Cybercrime,Serious,45,Low,Assigned,21,3,19,9,2024,3,0,1,Evening,0.0,1308,8027,1308_8027,65,65,650.0,2,0,1,2,3,1,2,Middle-aged,205.2,False,-0.5365968766795306
9173,2024-09-15 11:27:36,5,13.1134,80.1603,North,RB,Robbery,Critical,44,High,Pending,11,6,15,9,2024,3,1,0,Morning,0.1145890483423247,1311,8016,1311_8016,64,64,298.2444840237305,2,2,2,6,4,3,4,Middle-aged,99.9348836686576,False,-0.5414836596729459
9174,2024-01-08 00:51:35,2,13.0404,80.2824,South,BR,Burglary,Serious,48,Medium,Pending,0,0,8,1,2024,1,0,1,Night,0.0438882672248501,1304,8028,1304_8028,56,56,389.1908706669626,1,3,3,1,3,2,4,Middle-aged,125.71110735393492,True,-0.5964423337263387
9175,2023-12-16 13:40:36,2,13.0404,80.2824,South,RB,Robbery,Critical,48,Medium,Cold Case,13,5,16,12,2023,4,1,0,Afternoon,0.0438882672248501,1304,8028,1304_8028,56,56,389.1908706669626,4,3,0,6,4,2,6,Middle-aged,126.11110735393493,False,-0.548812695024161
9176,2023-03-22 03:48:16,4,12.9716,80.2215,East,CY,Cybercrime,Serious,66,High,Closed,3,2,22,3,2023,1,0,1,Night,0.1215065841837387,1297,8022,1297_8022,56,56,252.8141554182797,1,1,3,2,3,3,5,Senior,84.79809277933008,False,-0.5553863451496809
9177,2023-12-20 00:13:27,2,13.0404,80.2824,South,VN,Vandalism,Minor,36,Medium,Reported,0,2,20,12,2023,4,0,1,Night,0.0438882672248501,1304,8028,1304_8028,56,56,389.1908706669626,2,3,3,8,1,2,1,Adult,124.91110735393494,False,-0.5630397143687438
9178,2023-10-26 04:14:00,3,13.0418,80.2337,West,HM,Homicide,Critical,18,Critical,Under Investigation,4,3,26,10,2023,4,0,1,Night,0.0551526064660638,1304,8023,1304_8023,59,59,380.2707627274372,3,4,3,5,4,4,3,Young,123.85045958746193,False,-0.5720266245049717
9179,2023-01-03 19:21:54,3,13.0418,80.2337,West,FR,Fraud,Moderate,55,Critical,Cold Case,19,1,3,1,2023,1,0,0,Evening,0.0551526064660638,1304,8023,1304_8023,59,59,380.2707627274372,3,4,1,4,2,4,6,Middle-aged,123.05045958746192,False,-0.48981687011082153
9180,2023-04-23 20:10:31,1,13.0827,80.2707,Central,CY,Cybercrime,Serious,41,High,Cold Case,20,6,23,4,2023,2,1,1,Evening,0.0,1308,8027,1308_8027,65,65,650.0,7,0,1,2,3,3,6,Middle-aged,205.2,False,-0.5473396332389551
9181,2023-05-31 16:25:58,3,13.0418,80.2337,West,HM,Homicide,Critical,45,High,Pending,16,2,31,5,2023,2,0,0,Afternoon,0.0551526064660638,1304,8023,1304_8023,59,59,380.2707627274372,4,4,0,5,4,3,4,Middle-aged,123.85045958746193,False,-0.4645051414762615
9182,2024-01-02 21:14:21,4,12.9716,80.2215,East,RB,Robbery,Critical,67,Low,Pending,21,1,2,1,2024,1,0,1,Evening,0.1215065841837387,1297,8022,1297_8022,56,56,252.8141554182797,4,1,1,6,4,1,4,Senior,85.19809277933007,False,-0.5586633018267997
9183,2024-01-09 11:12:03,1,13.0827,80.2707,Central,VT,Vehicle Theft,Moderate,23,High,Cold Case,11,1,9,1,2024,1,0,0,Morning,0.0,1308,8027,1308_8027,65,65,650.0,2,0,2,9,2,3,6,Young,204.8,False,-0.5478672030616192
9184,2024-04-06 09:06:13,2,13.0404,80.2824,South,VT,Vehicle Theft,Moderate,68,Low,Pending,9,5,6,4,2024,2,1,0,Morning,0.0438882672248501,1304,8028,1304_8028,56,56,389.1908706669626,2,3,2,9,2,1,4,Senior,125.31110735393491,False,-0.5572153734081258
9185,2024-08-30 08:02:04,2,13.0404,80.2824,South,FR,Fraud,Moderate,73,Medium,Pending,8,4,30,8,2024,3,0,0,Morning,0.0438882672248501,1304,8028,1304_8028,56,56,389.1908706669626,6,3,2,4,2,2,4,Senior,125.31110735393491,False,-0.5574917180369642
9186,2023-06-28 00:02:02,5,13.1134,80.1603,North,VT,Vehicle Theft,Moderate,32,Medium,Cold Case,0,2,28,6,2023,2,0,1,Night,0.1145890483423247,1311,8016,1311_8016,64,64,298.2444840237305,2,2,3,9,2,2,6,Adult,99.1348836686576,False,-0.5785928542435922
9187,2024-08-12 15:50:23,3,13.0418,80.2337,West,AS,Assault,Serious,65,High,Under Investigation,15,0,12,8,2024,3,0,0,Afternoon,0.0551526064660638,1304,8023,1304_8023,59,59,380.2707627274372,5,4,0,0,3,3,3,Senior,123.45045958746194,False,-0.4892404708222012
9188,2024-10-19 12:31:41,4,12.9716,80.2215,East,HM,Homicide,Critical,60,Medium,Assigned,12,5,19,10,2024,4,1,0,Afternoon,0.1215065841837387,1297,8022,1297_8022,56,56,252.8141554182797,3,1,0,5,4,2,2,Middle-aged,85.19809277933007,False,-0.5293535986444422
9189,2024-07-13 19:13:06,2,13.0404,80.2824,South,AS,Assault,Serious,43,Critical,Pending,19,5,13,7,2024,3,1,0,Evening,0.0438882672248501,1304,8028,1304_8028,56,56,389.1908706669626,5,3,1,0,3,4,4,Middle-aged,125.71110735393492,False,-0.5312630910890321
9190,2024-05-23 07:34:25,4,12.9716,80.2215,East,RB,Robbery,Critical,38,Critical,Reported,7,3,23,5,2024,2,0,0,Morning,0.1215065841837387,1297,8022,1297_8022,56,56,252.8141554182797,4,1,2,6,4,4,1,Adult,85.19809277933007,False,-0.5326068418472903
9191,2024-12-21 13:08:42,4,12.9716,80.2215,East,VT,Vehicle Theft,Moderate,54,Critical,Assigned,13,5,21,12,2024,4,1,0,Afternoon,0.1215065841837387,1297,8022,1297_8022,56,56,252.8141554182797,4,1,0,9,2,4,2,Middle-aged,84.39809277933007,False,-0.5307601423382585
9192,2024-10-04 08:51:34,3,13.0418,80.2337,West,AS,Assault,Serious,63,Critical,Closed,8,4,4,10,2024,4,0,0,Morning,0.0551526064660638,1304,8023,1304_8023,59,59,380.2707627274372,6,4,2,0,3,4,5,Senior,123.45045958746194,False,-0.5280418919789274
9193,2023-11-17 22:43:10,5,13.1134,80.1603,North,FR,Fraud,Moderate,18,Low,Reported,22,4,17,11,2023,4,0,1,Night,0.1145890483423247,1311,8016,1311_8016,64,64,298.2444840237305,3,2,3,4,2,1,1,Young,99.1348836686576,True,-0.5872630263926412
9194,2023-11-07 13:30:58,5,13.1134,80.1603,North,BR,Burglary,Serious,19,Medium,Cold Case,13,1,7,11,2023,4,0,0,Afternoon,0.1145890483423247,1311,8016,1311_8016,64,64,298.2444840237305,3,2,0,1,3,2,6,Young,99.5348836686576,False,-0.5261559045795435
9195,2024-04-15 07:39:18,3,13.0418,80.2337,West,FR,Fraud,Moderate,48,High,Closed,7,0,15,4,2024,2,0,0,Morning,0.0551526064660638,1304,8023,1304_8023,59,59,380.2707627274372,3,4,2,4,2,3,5,Middle-aged,123.05045958746192,False,-0.48786363386150744
9196,2024-03-11 15:26:52,1,13.0827,80.2707,Central,DR,Drug Related,Critical,66,Critical,Under Investigation,15,0,11,3,2024,1,0,0,Afternoon,0.0,1308,8027,1308_8027,65,65,650.0,5,0,0,3,4,4,3,Senior,205.6,False,-0.5444315319778209
9197,2023-01-08 17:05:52,1,13.0827,80.2707,Central,VN,Vandalism,Minor,49,Medium,Under Investigation,17,6,8,1,2023,1,1,0,Afternoon,0.0,1308,8027,1308_8027,65,65,650.0,5,0,0,8,1,2,3,Middle-aged,204.4,False,-0.5648104460233717
9198,2024-08-03 12:09:52,1,13.0827,80.2707,Central,VN,Vandalism,Minor,36,High,Assigned,12,5,3,8,2024,3,1,0,Afternoon,0.0,1308,8027,1308_8027,65,65,650.0,3,0,0,8,1,3,2,Adult,204.4,False,-0.5189111669540509
9199,2023-03-31 20:11:34,1,13.0827,80.2707,Central,FR,Fraud,Moderate,36,Critical,Assigned,20,4,31,3,2023,1,0,1,Evening,0.0,1308,8027,1308_8027,65,65,650.0,3,0,1,4,2,4,2,Adult,204.8,False,-0.5197100159742103
9200,2024-05-24 08:13:10,4,12.9716,80.2215,East,VN,Vandalism,Minor,49,Low,Assigned,8,4,24,5,2024,2,0,0,Morning,0.1215065841837387,1297,8022,1297_8022,56,56,252.8141554182797,6,1,2,8,1,1,2,Middle-aged,83.99809277933008,False,-0.5384106461226166
9201,2023-05-22 19:14:28,5,13.1134,80.1603,North,VT,Vehicle Theft,Moderate,60,Medium,Cold Case,19,0,22,5,2023,2,0,0,Evening,0.1145890483423247,1311,8016,1311_8016,64,64,298.2444840237305,6,2,1,9,2,2,6,Middle-aged,99.1348836686576,False,-0.5209488850609527
9202,2024-03-30 15:09:36,4,12.9716,80.2215,East,TH,Theft,Moderate,29,Critical,Closed,15,5,30,3,2024,1,1,0,Afternoon,0.1215065841837387,1297,8022,1297_8022,56,56,252.8141554182797,3,1,0,7,2,4,5,Adult,84.39809277933007,False,-0.524531533852801
9203,2024-03-17 16:21:07,3,13.0418,80.2337,West,VT,Vehicle Theft,Moderate,70,Critical,Cold Case,16,6,17,3,2024,1,1,0,Afternoon,0.0551526064660638,1304,8023,1304_8023,59,59,380.2707627274372,4,4,0,9,2,4,6,Senior,123.05045958746192,False,-0.5438634319180423
9204,2023-01-01 17:08:52,2,13.0404,80.2824,South,TH,Theft,Moderate,41,High,Pending,17,6,1,1,2023,1,1,0,Afternoon,0.0438882672248501,1304,8028,1304_8028,56,56,389.1908706669626,5,3,0,7,2,3,4,Middle-aged,125.31110735393491,False,-0.5477018008941048
9205,2024-04-16 04:13:17,3,13.0418,80.2337,West,HM,Homicide,Critical,40,High,Under Investigation,4,1,16,4,2024,2,0,1,Night,0.0551526064660638,1304,8023,1304_8023,59,59,380.2707627274372,1,4,3,5,4,3,3,Adult,123.85045958746193,False,-0.5655843656441669
9206,2023-05-25 13:38:32,2,13.0404,80.2824,South,DR,Drug Related,Critical,53,High,Reported,13,3,25,5,2023,2,0,0,Afternoon,0.0438882672248501,1304,8028,1304_8028,56,56,389.1908706669626,2,3,0,3,4,3,1,Middle-aged,126.11110735393493,False,-0.486089060265325
9207,2024-12-17 11:53:27,2,13.0404,80.2824,South,AS,Assault,Serious,67,Medium,Under Investigation,11,1,17,12,2024,4,0,0,Morning,0.0438882672248501,1304,8028,1304_8028,56,56,389.1908706669626,2,3,2,0,3,2,3,Senior,125.71110735393492,False,-0.5212878726364364
9208,2024-09-08 21:46:49,5,13.1134,80.1603,North,BR,Burglary,Serious,64,Low,Assigned,21,6,8,9,2024,3,1,1,Evening,0.1145890483423247,1311,8016,1311_8016,64,64,298.2444840237305,4,2,1,1,3,1,2,Senior,99.5348836686576,False,-0.5443846493518701
9209,2023-10-11 11:34:16,1,13.0827,80.2707,Central,AS,Assault,Serious,70,Critical,Pending,11,2,11,10,2023,4,0,0,Morning,0.0,1308,8027,1308_8027,65,65,650.0,2,0,2,0,3,4,4,Senior,205.2,False,-0.5414599200642993
9210,2024-12-02 18:56:28,5,13.1134,80.1603,North,RB,Robbery,Critical,75,Critical,Closed,18,0,2,12,2024,4,0,0,Evening,0.1145890483423247,1311,8016,1311_8016,64,64,298.2444840237305,5,2,1,6,4,4,5,Senior,99.9348836686576,False,-0.5382707480792754
9211,2023-08-09 13:55:38,3,13.0418,80.2337,West,CY,Cybercrime,Serious,64,Medium,Under Investigation,13,2,9,8,2023,3,0,0,Afternoon,0.0551526064660638,1304,8023,1304_8023,59,59,380.2707627274372,2,4,0,2,3,2,3,Senior,123.45045958746194,False,-0.476524380372559
9212,2023-02-04 10:59:00,1,13.0827,80.2707,Central,CY,Cybercrime,Serious,71,Medium,Assigned,10,5,4,2,2023,1,1,0,Morning,0.0,1308,8027,1308_8027,65,65,650.0,2,0,2,2,3,2,2,Senior,205.2,False,-0.5546487765960058
9213,2023-12-18 16:58:42,5,13.1134,80.1603,North,HM,Homicide,Critical,50,Low,Closed,16,0,18,12,2023,4,0,0,Afternoon,0.1145890483423247,1311,8016,1311_8016,64,64,298.2444840237305,3,2,0,5,4,1,5,Middle-aged,99.9348836686576,False,-0.5043005273299086
9214,2024-03-13 16:42:32,3,13.0418,80.2337,West,HM,Homicide,Critical,63,Medium,Assigned,16,2,13,3,2024,1,0,0,Afternoon,0.0551526064660638,1304,8023,1304_8023,59,59,380.2707627274372,4,4,0,5,4,2,2,Senior,123.85045958746193,False,-0.4694076532195232
9215,2024-10-13 20:37:00,1,13.0827,80.2707,Central,RB,Robbery,Critical,68,High,Reported,20,6,13,10,2024,4,1,1,Evening,0.0,1308,8027,1308_8027,65,65,650.0,7,0,1,6,4,3,1,Senior,205.6,False,-0.5625781631981766
9216,2023-07-22 21:50:46,1,13.0827,80.2707,Central,TH,Theft,Moderate,72,Low,Closed,21,5,22,7,2023,3,1,1,Evening,0.0,1308,8027,1308_8027,65,65,650.0,6,0,1,7,2,1,5,Senior,204.8,False,-0.5527711298358696
9217,2024-02-17 15:56:20,4,12.9716,80.2215,East,VT,Vehicle Theft,Moderate,53,Medium,Assigned,15,5,17,2,2024,1,1,0,Afternoon,0.1215065841837387,1297,8022,1297_8022,56,56,252.8141554182797,3,1,0,9,2,2,2,Middle-aged,84.39809277933007,False,-0.5243692750826758
9218,2024-10-27 13:37:29,5,13.1134,80.1603,North,AS,Assault,Serious,24,Low,Cold Case,13,6,27,10,2024,4,1,0,Afternoon,0.1145890483423247,1311,8016,1311_8016,64,64,298.2444840237305,3,2,0,0,3,1,6,Young,99.5348836686576,False,-0.5440057031110822
9219,2023-05-03 10:52:29,3,13.0418,80.2337,West,BR,Burglary,Serious,39,Medium,Reported,10,2,3,5,2023,2,0,0,Morning,0.0551526064660638,1304,8023,1304_8023,59,59,380.2707627274372,1,4,2,1,3,2,1,Adult,123.45045958746194,False,-0.49522085783596437
9220,2024-05-21 08:36:48,1,13.0827,80.2707,Central,VN,Vandalism,Minor,45,Critical,Cold Case,8,1,21,5,2024,2,0,0,Morning,0.0,1308,8027,1308_8027,65,65,650.0,2,0,2,8,1,4,6,Middle-aged,204.4,False,-0.5368546759953897
9221,2023-03-27 10:57:09,3,13.0418,80.2337,West,AS,Assault,Serious,72,Low,Closed,10,0,27,3,2023,1,0,0,Morning,0.0551526064660638,1304,8023,1304_8023,59,59,380.2707627274372,2,4,2,0,3,1,5,Senior,123.45045958746194,False,-0.514412933243095
9222,2024-10-12 21:56:21,3,13.0418,80.2337,West,TH,Theft,Moderate,23,Medium,Closed,21,5,12,10,2024,4,1,1,Evening,0.0551526064660638,1304,8023,1304_8023,59,59,380.2707627274372,6,4,1,7,2,2,5,Young,123.05045958746192,False,-0.5812531114817749
9223,2024-12-21 06:41:17,2,13.0404,80.2824,South,VT,Vehicle Theft,Moderate,61,Low,Pending,6,5,21,12,2024,4,1,1,Morning,0.0438882672248501,1304,8028,1304_8028,56,56,389.1908706669626,2,3,2,9,2,1,4,Senior,125.31110735393491,True,-0.5916316640700613
9224,2024-10-23 01:50:25,4,12.9716,80.2215,East,VT,Vehicle Theft,Moderate,47,Critical,Closed,1,2,23,10,2024,4,0,1,Night,0.1215065841837387,1297,8022,1297_8022,56,56,252.8141554182797,3,1,3,9,2,4,5,Middle-aged,84.39809277933007,False,-0.546719205596599
9225,2024-12-25 23:10:03,1,13.0827,80.2707,Central,FR,Fraud,Moderate,66,Medium,Reported,23,2,25,12,2024,4,0,1,Night,0.0,1308,8027,1308_8027,65,65,650.0,1,0,3,4,2,2,1,Senior,204.8,False,-0.5819142701645346
9226,2024-07-09 15:53:00,3,13.0418,80.2337,West,DR,Drug Related,Critical,42,High,Assigned,15,1,9,7,2024,3,0,0,Afternoon,0.0551526064660638,1304,8023,1304_8023,59,59,380.2707627274372,3,4,0,3,4,3,2,Middle-aged,123.85045958746193,False,-0.4669730922180391
9227,2023-08-02 17:51:25,3,13.0418,80.2337,West,DR,Drug Related,Critical,29,Low,Closed,17,2,2,8,2023,3,0,0,Afternoon,0.0551526064660638,1304,8023,1304_8023,59,59,380.2707627274372,3,4,0,3,4,1,5,Adult,123.85045958746193,False,-0.4760845679542439
9228,2024-09-14 22:30:02,1,13.0827,80.2707,Central,VN,Vandalism,Minor,23,Critical,Reported,22,5,14,9,2024,3,1,1,Night,0.0,1308,8027,1308_8027,65,65,650.0,1,0,3,8,1,4,1,Young,204.4,True,-0.5954198707332977
9229,2024-06-12 15:07:34,5,13.1134,80.1603,North,CY,Cybercrime,Serious,74,Critical,Assigned,15,2,12,6,2024,2,0,0,Afternoon,0.1145890483423247,1311,8016,1311_8016,64,64,298.2444840237305,1,2,0,2,3,4,2,Senior,99.5348836686576,False,-0.542471568476858
9230,2024-08-01 20:30:44,2,13.0404,80.2824,South,DR,Drug Related,Critical,68,Low,Pending,20,3,1,8,2024,3,0,1,Evening,0.0438882672248501,1304,8028,1304_8028,56,56,389.1908706669626,2,3,1,3,4,1,4,Senior,126.11110735393493,False,-0.5082459708504042
9231,2023-04-02 04:58:35,2,13.0404,80.2824,South,DR,Drug Related,Critical,49,High,Pending,4,6,2,4,2023,2,1,1,Night,0.0438882672248501,1304,8028,1304_8028,56,56,389.1908706669626,1,3,3,3,4,3,4,Middle-aged,126.11110735393493,True,-0.5973393341828607
9232,2024-09-29 16:37:33,5,13.1134,80.1603,North,VN,Vandalism,Minor,64,Medium,Closed,16,6,29,9,2024,3,1,0,Afternoon,0.1145890483423247,1311,8016,1311_8016,64,64,298.2444840237305,4,2,0,8,1,2,5,Senior,98.7348836686576,False,-0.518605396485246
9233,2023-04-22 16:15:01,3,13.0418,80.2337,West,VT,Vehicle Theft,Moderate,48,Medium,Pending,16,5,22,4,2023,2,1,0,Afternoon,0.0551526064660638,1304,8023,1304_8023,59,59,380.2707627274372,3,4,0,9,2,2,4,Middle-aged,123.05045958746192,False,-0.5182911059962524
9234,2024-03-14 16:40:06,1,13.0827,80.2707,Central,RB,Robbery,Critical,72,High,Pending,16,3,14,3,2024,1,0,0,Afternoon,0.0,1308,8027,1308_8027,65,65,650.0,3,0,0,6,4,3,4,Senior,205.6,False,-0.525381206823795
9235,2023-08-30 16:56:39,2,13.0404,80.2824,South,AS,Assault,Serious,25,High,Reported,16,2,30,8,2023,3,0,0,Afternoon,0.0438882672248501,1304,8028,1304_8028,56,56,389.1908706669626,4,3,0,0,3,3,1,Young,125.71110735393492,False,-0.4945135190457921
9236,2024-12-06 12:26:31,2,13.0404,80.2824,South,RB,Robbery,Critical,38,Critical,Reported,12,4,6,12,2024,4,0,0,Afternoon,0.0438882672248501,1304,8028,1304_8028,56,56,389.1908706669626,4,3,0,6,4,4,1,Adult,126.11110735393493,False,-0.5236470312731312
9237,2023-12-22 07:42:02,2,13.0404,80.2824,South,TH,Theft,Moderate,33,High,Closed,7,4,22,12,2023,4,0,0,Morning,0.0438882672248501,1304,8028,1304_8028,56,56,389.1908706669626,1,3,2,7,2,3,5,Adult,125.31110735393491,False,-0.5320699556012979
9238,2023-09-25 12:48:38,2,13.0404,80.2824,South,VT,Vehicle Theft,Moderate,29,High,Pending,12,0,25,9,2023,3,0,0,Afternoon,0.0438882672248501,1304,8028,1304_8028,56,56,389.1908706669626,4,3,0,9,2,3,4,Adult,125.31110735393491,False,-0.5112287615060197
9239,2024-11-23 16:32:24,5,13.1134,80.1603,North,RB,Robbery,Critical,30,Critical,Under Investigation,16,5,23,11,2024,4,1,0,Afternoon,0.1145890483423247,1311,8016,1311_8016,64,64,298.2444840237305,3,2,0,6,4,4,3,Adult,99.9348836686576,False,-0.5241443162002639
9240,2024-04-15 13:46:21,3,13.0418,80.2337,West,RB,Robbery,Critical,50,Critical,Closed,13,0,15,4,2024,2,0,0,Afternoon,0.0551526064660638,1304,8023,1304_8023,59,59,380.2707627274372,2,4,0,6,4,4,5,Middle-aged,123.85045958746193,False,-0.4766890419354359
9241,2024-05-22 04:28:39,2,13.0404,80.2824,South,DR,Drug Related,Critical,68,Critical,Cold Case,4,2,22,5,2024,2,0,1,Night,0.0438882672248501,1304,8028,1304_8028,56,56,389.1908706669626,2,3,3,3,4,4,6,Senior,126.11110735393493,False,-0.5374551482820101
9242,2024-03-16 17:08:24,2,13.0404,80.2824,South,TH,Theft,Moderate,24,High,Closed,17,5,16,3,2024,1,1,0,Afternoon,0.0438882672248501,1304,8028,1304_8028,56,56,389.1908706669626,1,3,0,7,2,3,5,Young,125.31110735393491,False,-0.558637527596641
9243,2024-07-04 06:02:44,2,13.0404,80.2824,South,RB,Robbery,Critical,58,Medium,Assigned,6,3,4,7,2024,3,0,1,Morning,0.0438882672248501,1304,8028,1304_8028,56,56,389.1908706669626,2,3,2,6,4,2,2,Middle-aged,126.11110735393493,False,-0.5196062700534552
9244,2024-08-01 18:25:35,4,12.9716,80.2215,East,VN,Vandalism,Minor,27,Low,Assigned,18,3,1,8,2024,3,0,0,Evening,0.1215065841837387,1297,8022,1297_8022,56,56,252.8141554182797,6,1,1,8,1,1,2,Adult,83.99809277933008,False,-0.5400542054643539
9245,2024-05-27 07:43:04,5,13.1134,80.1603,North,AS,Assault,Serious,50,Low,Reported,7,0,27,5,2024,2,0,0,Morning,0.1145890483423247,1311,8016,1311_8016,64,64,298.2444840237305,3,2,2,0,3,1,1,Middle-aged,99.5348836686576,False,-0.5345847846571089
9246,2023-10-28 08:04:10,1,13.0827,80.2707,Central,VN,Vandalism,Minor,70,Critical,Closed,8,5,28,10,2023,4,1,0,Morning,0.0,1308,8027,1308_8027,65,65,650.0,1,0,2,8,1,4,5,Senior,204.4,True,-0.5841387448400531
9247,2023-08-01 15:01:36,2,13.0404,80.2824,South,RB,Robbery,Critical,43,Medium,Assigned,15,1,1,8,2023,3,0,0,Afternoon,0.0438882672248501,1304,8028,1304_8028,56,56,389.1908706669626,3,3,0,6,4,2,2,Middle-aged,126.11110735393493,False,-0.4751472382114846
9248,2024-09-14 05:56:19,3,13.0418,80.2337,West,FR,Fraud,Moderate,26,Low,Pending,5,5,14,9,2024,3,1,1,Night,0.0551526064660638,1304,8023,1304_8023,59,59,380.2707627274372,3,4,3,4,2,1,4,Adult,123.05045958746192,False,-0.5665166458890616
9249,2024-04-14 19:05:19,2,13.0404,80.2824,South,CY,Cybercrime,Serious,20,Medium,Reported,19,6,14,4,2024,2,1,0,Evening,0.0438882672248501,1304,8028,1304_8028,56,56,389.1908706669626,3,3,1,2,3,2,1,Young,125.71110735393492,False,-0.5467785145169547
9250,2024-02-02 18:10:22,4,12.9716,80.2215,East,DR,Drug Related,Critical,48,Low,Under Investigation,18,4,2,2,2024,1,0,0,Evening,0.1215065841837387,1297,8022,1297_8022,56,56,252.8141554182797,3,1,1,3,4,1,3,Middle-aged,85.19809277933007,False,-0.5185977638976165
9251,2023-03-27 20:34:40,3,13.0418,80.2337,West,VT,Vehicle Theft,Moderate,68,High,Closed,20,0,27,3,2023,1,0,1,Evening,0.0551526064660638,1304,8023,1304_8023,59,59,380.2707627274372,2,4,1,9,2,3,5,Senior,123.05045958746192,False,-0.523372576532128
9252,2023-10-22 11:57:27,4,12.9716,80.2215,East,RB,Robbery,Critical,68,High,Closed,11,6,22,10,2023,4,1,0,Morning,0.1215065841837387,1297,8022,1297_8022,56,56,252.8141554182797,2,1,2,6,4,3,5,Senior,85.19809277933007,False,-0.5742029761492086
9253,2024-02-02 12:52:47,1,13.0827,80.2707,Central,FR,Fraud,Moderate,25,Critical,Closed,12,4,2,2,2024,1,0,0,Afternoon,0.0,1308,8027,1308_8027,65,65,650.0,4,0,0,4,2,4,5,Young,204.8,False,-0.5448747945415093
9254,2023-03-23 13:32:52,1,13.0827,80.2707,Central,BR,Burglary,Serious,30,High,Assigned,13,3,23,3,2023,1,0,0,Afternoon,0.0,1308,8027,1308_8027,65,65,650.0,2,0,0,1,3,3,2,Adult,205.2,False,-0.5089508995461576
9255,2024-11-28 07:21:17,1,13.0827,80.2707,Central,HM,Homicide,Critical,58,High,Cold Case,7,3,28,11,2024,4,0,0,Morning,0.0,1308,8027,1308_8027,65,65,650.0,4,0,2,5,4,3,6,Middle-aged,205.6,False,-0.5764992011585222
9256,2024-06-02 06:24:28,4,12.9716,80.2215,East,HM,Homicide,Critical,28,Critical,Under Investigation,6,6,2,6,2024,2,1,1,Morning,0.1215065841837387,1297,8022,1297_8022,56,56,252.8141554182797,2,1,2,5,4,4,3,Adult,85.19809277933007,False,-0.5782484403465594
9257,2024-09-04 05:14:24,4,12.9716,80.2215,East,CY,Cybercrime,Serious,29,High,Reported,5,2,4,9,2024,3,0,1,Night,0.1215065841837387,1297,8022,1297_8022,56,56,252.8141554182797,1,1,3,2,3,3,1,Adult,84.79809277933008,False,-0.539278083712923
9258,2023-04-30 14:24:57,1,13.0827,80.2707,Central,RB,Robbery,Critical,68,Medium,Pending,14,6,30,4,2023,2,1,0,Afternoon,0.0,1308,8027,1308_8027,65,65,650.0,2,0,0,6,4,2,4,Senior,205.6,False,-0.5441416985423605
9003,2024-11-12 19:17:37,4,12.9716,80.2215,East,FR,Fraud,Moderate,28,Low,Closed,19,1,12,11,2024,4,0,0,Evening,0.1215065841837387,1297,8022,1297_8022,56,56,252.8141554182797,3,1,1,4,2,1,5,Adult,84.39809277933007,False,-0.5257120515354877
9004,2023-07-09 17:32:18,5,13.1134,80.1603,North,BR,Burglary,Serious,45,Low,Pending,17,6,9,7,2023,3,1,0,Afternoon,0.1145890483423247,1311,8016,1311_8016,64,64,298.2444840237305,5,2,0,1,3,1,4,Middle-aged,99.5348836686576,False,-0.5271621266542579
9005,2024-07-02 22:59:56,1,13.0827,80.2707,Central,HM,Homicide,Critical,28,Critical,Reported,22,1,2,7,2024,3,0,1,Night,0.0,1308,8027,1308_8027,65,65,650.0,5,0,3,5,4,4,1,Adult,205.6,False,-0.565586048490915
9006,2023-08-14 23:17:17,1,13.0827,80.2707,Central,BR,Burglary,Serious,49,High,Reported,23,0,14,8,2023,3,0,1,Night,0.0,1308,8027,1308_8027,65,65,650.0,2,0,3,1,3,3,1,Middle-aged,205.2,False,-0.5615482193655089
9007,2023-01-07 21:17:40,1,13.0827,80.2707,Central,BR,Burglary,Serious,69,Medium,Pending,21,5,7,1,2023,1,1,1,Evening,0.0,1308,8027,1308_8027,65,65,650.0,6,0,1,1,3,2,4,Senior,205.2,False,-0.5513762652789084
9008,2023-01-05 19:36:31,3,13.0418,80.2337,West,BR,Burglary,Serious,63,Critical,Under Investigation,19,3,5,1,2023,1,0,0,Evening,0.0551526064660638,1304,8023,1304_8023,59,59,380.2707627274372,2,4,1,1,3,4,3,Senior,123.45045958746194,False,-0.4947464491813276
9009,2023-08-18 23:15:27,4,12.9716,80.2215,East,VT,Vehicle Theft,Moderate,27,High,Assigned,23,4,18,8,2023,3,0,1,Night,0.1215065841837387,1297,8022,1297_8022,56,56,252.8141554182797,2,1,3,9,2,3,2,Adult,84.39809277933007,False,-0.5452776118030476
9010,2024-09-21 05:01:24,1,13.0827,80.2707,Central,TH,Theft,Moderate,63,High,Closed,5,5,21,9,2024,3,1,1,Night,0.0,1308,8027,1308_8027,65,65,650.0,3,0,3,7,2,3,5,Senior,204.8,False,-0.5790583075160269
9011,2023-07-16 12:01:56,3,13.0418,80.2337,West,VT,Vehicle Theft,Moderate,60,Critical,Assigned,12,6,16,7,2023,3,1,0,Afternoon,0.0551526064660638,1304,8023,1304_8023,59,59,380.2707627274372,1,4,0,9,2,4,2,Middle-aged,123.05045958746192,False,-0.5645919044116564
9012,2023-10-08 21:35:14,1,13.0827,80.2707,Central,AS,Assault,Serious,32,High,Cold Case,21,6,8,10,2023,4,1,1,Evening,0.0,1308,8027,1308_8027,65,65,650.0,4,0,1,0,3,3,6,Adult,205.2,False,-0.5429761875761758
9013,2023-11-19 10:48:53,3,13.0418,80.2337,West,VN,Vandalism,Minor,39,Medium,Cold Case,10,6,19,11,2023,4,1,0,Morning,0.0551526064660638,1304,8023,1304_8023,59,59,380.2707627274372,1,4,2,8,1,2,6,Adult,122.65045958746194,False,-0.5818079346318458
9014,2024-04-17 19:25:59,4,12.9716,80.2215,East,VN,Vandalism,Minor,60,Critical,Assigned,19,2,17,4,2024,2,0,0,Evening,0.1215065841837387,1297,8022,1297_8022,56,56,252.8141554182797,5,1,1,8,1,4,2,Middle-aged,83.99809277933008,False,-0.5282978118778174
9015,2023-07-01 19:03:31,1,13.0827,80.2707,Central,VT,Vehicle Theft,Moderate,43,Medium,Cold Case,19,5,1,7,2023,3,1,0,Evening,0.0,1308,8027,1308_8027,65,65,650.0,5,0,1,9,2,2,6,Middle-aged,204.8,False,-0.5254842914335763
9016,2024-11-05 22:18:40,2,13.0404,80.2824,South,DR,Drug Related,Critical,32,Medium,Cold Case,22,1,5,11,2024,4,0,1,Night,0.0438882672248501,1304,8028,1304_8028,56,56,389.1908706669626,5,3,3,3,4,2,6,Adult,126.11110735393493,False,-0.5545000546405382
9017,2023-02-02 07:50:35,2,13.0404,80.2824,South,VN,Vandalism,Minor,51,Low,Cold Case,7,3,2,2,2023,1,0,0,Morning,0.0438882672248501,1304,8028,1304_8028,56,56,389.1908706669626,4,3,2,8,1,1,6,Middle-aged,124.91110735393494,False,-0.522650191635216
9018,2023-07-05 07:44:09,5,13.1134,80.1603,North,DR,Drug Related,Critical,29,High,Closed,7,2,5,7,2023,3,0,0,Morning,0.1145890483423247,1311,8016,1311_8016,64,64,298.2444840237305,1,2,2,3,4,3,5,Adult,99.9348836686576,False,-0.5346812502850046
9019,2023-10-15 17:53:23,4,12.9716,80.2215,East,RB,Robbery,Critical,40,Low,Cold Case,17,6,15,10,2023,4,1,0,Afternoon,0.1215065841837387,1297,8022,1297_8022,56,56,252.8141554182797,5,1,0,6,4,1,6,Adult,85.19809277933007,False,-0.539764193445345
9020,2023-01-01 22:32:18,1,13.0827,80.2707,Central,HM,Homicide,Critical,51,Low,Under Investigation,22,6,1,1,2023,1,1,1,Night,0.0,1308,8027,1308_8027,65,65,650.0,3,0,3,5,4,1,3,Middle-aged,205.6,False,-0.57885440808773
9021,2023-08-05 07:38:12,5,13.1134,80.1603,North,AS,Assault,Serious,32,Low,Pending,7,5,5,8,2023,3,1,0,Morning,0.1145890483423247,1311,8016,1311_8016,64,64,298.2444840237305,3,2,2,0,3,1,4,Adult,99.5348836686576,False,-0.5406068492625103
9022,2024-10-16 20:36:57,2,13.0404,80.2824,South,CY,Cybercrime,Serious,41,Low,Pending,20,2,16,10,2024,4,0,1,Evening,0.0438882672248501,1304,8028,1304_8028,56,56,389.1908706669626,3,3,1,2,3,1,4,Middle-aged,125.71110735393492,False,-0.5041459517618029
9023,2024-05-31 02:51:19,1,13.0827,80.2707,Central,FR,Fraud,Moderate,33,Medium,Cold Case,2,4,31,5,2024,2,0,1,Night,0.0,1308,8027,1308_8027,65,65,650.0,1,0,3,4,2,2,6,Adult,204.8,False,-0.5778808989998685
9024,2023-04-28 21:54:22,2,13.0404,80.2824,South,VN,Vandalism,Minor,34,Critical,Pending,21,4,28,4,2023,2,0,1,Evening,0.0438882672248501,1304,8028,1304_8028,56,56,389.1908706669626,2,3,1,8,1,4,4,Adult,124.91110735393494,False,-0.5257115760498402
9025,2023-04-30 15:09:59,2,13.0404,80.2824,South,VN,Vandalism,Minor,43,High,Under Investigation,15,6,30,4,2023,2,1,0,Afternoon,0.0438882672248501,1304,8028,1304_8028,56,56,389.1908706669626,4,3,0,8,1,3,3,Middle-aged,124.91110735393494,False,-0.5223194494957081
9026,2023-07-15 20:23:57,3,13.0418,80.2337,West,VN,Vandalism,Minor,32,Critical,Pending,20,5,15,7,2023,3,1,1,Evening,0.0551526064660638,1304,8023,1304_8023,59,59,380.2707627274372,5,4,1,8,1,4,4,Adult,122.65045958746194,False,-0.5370051637107788
9027,2024-12-02 12:50:00,5,13.1134,80.1603,North,VN,Vandalism,Minor,50,Medium,Pending,12,0,2,12,2024,4,0,0,Afternoon,0.1145890483423247,1311,8016,1311_8016,64,64,298.2444840237305,4,2,0,8,1,2,4,Middle-aged,98.7348836686576,False,-0.5131314614329885
9028,2024-11-17 15:34:52,4,12.9716,80.2215,East,FR,Fraud,Moderate,20,Critical,Under Investigation,15,6,17,11,2024,4,1,0,Afternoon,0.1215065841837387,1297,8022,1297_8022,56,56,252.8141554182797,4,1,0,4,2,4,3,Young,84.39809277933007,False,-0.5404419432341956
9029,2024-12-07 23:01:08,4,12.9716,80.2215,East,FR,Fraud,Moderate,75,Medium,Reported,23,5,7,12,2024,4,1,1,Night,0.1215065841837387,1297,8022,1297_8022,56,56,252.8141554182797,2,1,3,4,2,2,1,Senior,84.39809277933007,True,-0.6120879617554029
9030,2023-09-18 08:00:59,2,13.0404,80.2824,South,FR,Fraud,Moderate,49,Critical,Cold Case,8,0,18,9,2023,3,0,0,Morning,0.0438882672248501,1304,8028,1304_8028,56,56,389.1908706669626,2,3,2,4,2,4,6,Middle-aged,125.31110735393491,False,-0.5082589659251644
9031,2023-09-22 09:34:51,2,13.0404,80.2824,South,HM,Homicide,Critical,30,High,Under Investigation,9,4,22,9,2023,3,0,0,Morning,0.0438882672248501,1304,8028,1304_8028,56,56,389.1908706669626,1,3,2,5,4,3,3,Adult,126.11110735393493,False,-0.5061824680191271
9032,2024-12-23 18:08:27,2,13.0404,80.2824,South,RB,Robbery,Critical,48,High,Pending,18,0,23,12,2024,4,0,0,Evening,0.0438882672248501,1304,8028,1304_8028,56,56,389.1908706669626,5,3,1,6,4,3,4,Middle-aged,126.11110735393493,False,-0.5263149888413468
9033,2024-02-29 18:48:37,3,13.0418,80.2337,West,AS,Assault,Serious,70,Low,Pending,18,3,29,2,2024,1,0,0,Evening,0.0551526064660638,1304,8023,1304_8023,59,59,380.2707627274372,6,4,1,0,3,1,4,Senior,123.45045958746194,False,-0.5067119363475652
9034,2024-04-20 21:55:58,4,12.9716,80.2215,East,DR,Drug Related,Critical,57,Medium,Assigned,21,5,20,4,2024,2,1,1,Evening,0.1215065841837387,1297,8022,1297_8022,56,56,252.8141554182797,6,1,1,3,4,2,2,Middle-aged,85.19809277933007,False,-0.58108787786986
9035,2024-01-01 17:05:56,1,13.0827,80.2707,Central,DR,Drug Related,Critical,23,Low,Reported,17,0,1,1,2024,1,0,0,Afternoon,0.0,1308,8027,1308_8027,65,65,650.0,2,0,0,3,4,1,1,Young,205.6,False,-0.5394329337205621
9036,2024-11-01 19:51:11,4,12.9716,80.2215,East,FR,Fraud,Moderate,66,Critical,Reported,19,4,1,11,2024,4,0,0,Evening,0.1215065841837387,1297,8022,1297_8022,56,56,252.8141554182797,1,1,1,4,2,4,1,Senior,84.39809277933007,False,-0.5554742324859121
9037,2023-04-01 19:06:36,5,13.1134,80.1603,North,TH,Theft,Moderate,63,Medium,Reported,19,5,1,4,2023,2,1,0,Evening,0.1145890483423247,1311,8016,1311_8016,64,64,298.2444840237305,5,2,1,7,2,2,1,Senior,99.1348836686576,False,-0.5373832686004941
9038,2024-02-28 13:32:44,4,12.9716,80.2215,East,DR,Drug Related,Critical,48,Medium,Closed,13,2,28,2,2024,1,0,0,Afternoon,0.1215065841837387,1297,8022,1297_8022,56,56,252.8141554182797,2,1,0,3,4,2,5,Middle-aged,85.19809277933007,False,-0.5196827237912159
9039,2024-02-19 15:57:05,2,13.0404,80.2824,South,VN,Vandalism,Minor,18,Low,Reported,15,0,19,2,2024,1,0,0,Afternoon,0.0438882672248501,1304,8028,1304_8028,56,56,389.1908706669626,5,3,0,8,1,1,1,Young,124.91110735393494,False,-0.5429772073400237
9040,2023-05-18 21:40:36,3,13.0418,80.2337,West,AS,Assault,Serious,32,Low,Cold Case,21,3,18,5,2023,2,0,1,Evening,0.0551526064660638,1304,8023,1304_8023,59,59,380.2707627274372,2,4,1,0,3,1,6,Adult,123.45045958746194,False,-0.506672345883008
9041,2024-04-25 18:33:32,3,13.0418,80.2337,West,HM,Homicide,Critical,66,High,Assigned,18,3,25,4,2024,2,0,0,Evening,0.0551526064660638,1304,8023,1304_8023,59,59,380.2707627274372,6,4,1,5,4,3,2,Senior,123.85045958746193,False,-0.49490793216749895
9042,2023-07-02 18:56:47,5,13.1134,80.1603,North,BR,Burglary,Serious,72,Medium,Under Investigation,18,6,2,7,2023,3,1,0,Evening,0.1145890483423247,1311,8016,1311_8016,64,64,298.2444840237305,2,2,1,1,3,2,3,Senior,99.5348836686576,False,-0.53182960823501
9043,2024-01-09 07:54:19,1,13.0827,80.2707,Central,RB,Robbery,Critical,72,Medium,Assigned,7,1,9,1,2024,1,0,0,Morning,0.0,1308,8027,1308_8027,65,65,650.0,2,0,2,6,4,2,2,Senior,205.6,False,-0.567255517771172
9044,2023-11-27 10:09:30,3,13.0418,80.2337,West,DR,Drug Related,Critical,51,Critical,Under Investigation,10,0,27,11,2023,4,0,0,Morning,0.0551526064660638,1304,8023,1304_8023,59,59,380.2707627274372,2,4,2,3,4,4,3,Middle-aged,123.85045958746193,False,-0.514594678567122
9045,2023-09-17 22:52:45,4,12.9716,80.2215,East,VT,Vehicle Theft,Moderate,37,Critical,Reported,22,6,17,9,2023,3,1,1,Night,0.1215065841837387,1297,8022,1297_8022,56,56,252.8141554182797,3,1,3,9,2,4,1,Adult,84.39809277933007,False,-0.5733266810949993
9046,2024-10-16 11:04:55,3,13.0418,80.2337,West,VN,Vandalism,Minor,32,Critical,Cold Case,11,2,16,10,2024,4,0,0,Morning,0.0551526064660638,1304,8023,1304_8023,59,59,380.2707627274372,2,4,2,8,1,4,6,Adult,122.65045958746194,False,-0.503494913609257
9047,2024-05-30 22:31:19,3,13.0418,80.2337,West,CY,Cybercrime,Serious,67,Medium,Closed,22,3,30,5,2024,2,0,1,Night,0.0551526064660638,1304,8023,1304_8023,59,59,380.2707627274372,3,4,3,2,3,2,5,Senior,123.45045958746194,False,-0.5290226246515499
9048,2023-03-05 15:40:30,2,13.0404,80.2824,South,VT,Vehicle Theft,Moderate,70,Medium,Closed,15,6,5,3,2023,1,1,0,Afternoon,0.0438882672248501,1304,8028,1304_8028,56,56,389.1908706669626,4,3,0,9,2,2,5,Senior,125.31110735393491,False,-0.5318366308977797
9049,2024-10-10 07:03:15,3,13.0418,80.2337,West,FR,Fraud,Moderate,66,Critical,Under Investigation,7,3,10,10,2024,4,0,0,Morning,0.0551526064660638,1304,8023,1304_8023,59,59,380.2707627274372,4,4,2,4,2,4,3,Senior,123.05045958746192,False,-0.5129301986807379
9050,2023-11-20 06:16:51,2,13.0404,80.2824,South,VN,Vandalism,Minor,38,Critical,Reported,6,0,20,11,2023,4,0,1,Morning,0.0438882672248501,1304,8028,1304_8028,56,56,389.1908706669626,2,3,2,8,1,4,1,Adult,124.91110735393494,False,-0.5421436883628958
9051,2023-09-29 14:19:18,5,13.1134,80.1603,North,VT,Vehicle Theft,Moderate,43,High,Cold Case,14,4,29,9,2023,3,0,0,Afternoon,0.1145890483423247,1311,8016,1311_8016,64,64,298.2444840237305,1,2,0,9,2,3,6,Middle-aged,99.1348836686576,False,-0.5175929513069529
9052,2024-06-18 20:14:55,3,13.0418,80.2337,West,BR,Burglary,Serious,41,Medium,Closed,20,1,18,6,2024,2,0,1,Evening,0.0551526064660638,1304,8023,1304_8023,59,59,380.2707627274372,4,4,1,1,3,2,5,Middle-aged,123.45045958746194,False,-0.5020681179501295
9053,2023-09-12 17:45:12,5,13.1134,80.1603,North,DR,Drug Related,Critical,52,Medium,Under Investigation,17,1,12,9,2023,3,0,0,Afternoon,0.1145890483423247,1311,8016,1311_8016,64,64,298.2444840237305,3,2,0,3,4,2,3,Middle-aged,99.9348836686576,False,-0.49340904305684463
9054,2023-07-09 14:33:48,1,13.0827,80.2707,Central,FR,Fraud,Moderate,34,High,Reported,14,6,9,7,2023,3,1,0,Afternoon,0.0,1308,8027,1308_8027,65,65,650.0,2,0,0,4,2,3,1,Adult,204.8,False,-0.5316796090332127
9055,2024-10-04 10:37:37,5,13.1134,80.1603,North,DR,Drug Related,Critical,47,Critical,Assigned,10,4,4,10,2024,4,0,0,Morning,0.1145890483423247,1311,8016,1311_8016,64,64,298.2444840237305,1,2,2,3,4,4,2,Middle-aged,99.9348836686576,False,-0.52481231482481
9056,2023-08-14 19:33:14,5,13.1134,80.1603,North,HM,Homicide,Critical,33,Low,Reported,19,0,14,8,2023,3,0,0,Evening,0.1145890483423247,1311,8016,1311_8016,64,64,298.2444840237305,6,2,1,5,4,1,1,Adult,99.9348836686576,False,-0.5323744908418827
9057,2023-09-25 16:55:23,1,13.0827,80.2707,Central,DR,Drug Related,Critical,44,High,Closed,16,0,25,9,2023,3,0,0,Afternoon,0.0,1308,8027,1308_8027,65,65,650.0,3,0,0,3,4,3,5,Middle-aged,205.6,False,-0.5290959502243234
9058,2024-12-01 06:04:39,5,13.1134,80.1603,North,FR,Fraud,Moderate,30,Low,Closed,6,6,1,12,2024,4,1,1,Morning,0.1145890483423247,1311,8016,1311_8016,64,64,298.2444840237305,2,2,2,4,2,1,5,Adult,99.1348836686576,False,-0.5771100305510448
9059,2024-12-18 19:56:14,4,12.9716,80.2215,East,HM,Homicide,Critical,43,High,Cold Case,19,2,18,12,2024,4,0,0,Evening,0.1215065841837387,1297,8022,1297_8022,56,56,252.8141554182797,5,1,1,5,4,3,6,Middle-aged,85.19809277933007,False,-0.5256986630059487
9060,2023-01-09 07:40:28,3,13.0418,80.2337,West,CY,Cybercrime,Serious,47,Medium,Reported,7,0,9,1,2023,1,0,0,Morning,0.0551526064660638,1304,8023,1304_8023,59,59,380.2707627274372,3,4,2,2,3,2,1,Middle-aged,123.45045958746194,False,-0.5114730504934761
9061,2024-10-08 18:10:36,1,13.0827,80.2707,Central,BR,Burglary,Serious,29,Critical,Assigned,18,1,8,10,2024,4,0,0,Evening,0.0,1308,8027,1308_8027,65,65,650.0,1,0,1,1,3,4,2,Adult,205.2,False,-0.5491153475264453
9062,2023-06-11 19:25:04,2,13.0404,80.2824,South,RB,Robbery,Critical,69,Critical,Under Investigation,19,6,11,6,2023,2,1,0,Evening,0.0438882672248501,1304,8028,1304_8028,56,56,389.1908706669626,3,3,1,6,4,4,3,Senior,126.11110735393493,False,-0.5379005580431232
9063,2023-01-14 10:15:50,3,13.0418,80.2337,West,RB,Robbery,Critical,35,High,Under Investigation,10,5,14,1,2023,1,1,0,Morning,0.0551526064660638,1304,8023,1304_8023,59,59,380.2707627274372,2,4,2,6,4,3,3,Adult,123.85045958746193,False,-0.5516493040010313
9064,2024-01-07 21:50:05,2,13.0404,80.2824,South,CY,Cybercrime,Serious,41,Medium,Under Investigation,21,6,7,1,2024,1,1,1,Evening,0.0438882672248501,1304,8028,1304_8028,56,56,389.1908706669626,4,3,1,2,3,2,3,Middle-aged,125.71110735393492,False,-0.557597342522366
9065,2024-02-23 20:04:37,4,12.9716,80.2215,East,HM,Homicide,Critical,40,High,Pending,20,4,23,2,2024,1,0,1,Evening,0.1215065841837387,1297,8022,1297_8022,56,56,252.8141554182797,3,1,1,5,4,3,4,Adult,85.19809277933007,False,-0.5367841559063766
9066,2024-03-02 12:23:22,1,13.0827,80.2707,Central,HM,Homicide,Critical,32,Critical,Under Investigation,12,5,2,3,2024,1,1,0,Afternoon,0.0,1308,8027,1308_8027,65,65,650.0,3,0,0,5,4,4,3,Adult,205.6,False,-0.5282482639277657
9067,2024-03-10 17:00:29,4,12.9716,80.2215,East,BR,Burglary,Serious,49,Medium,Reported,17,6,10,3,2024,1,1,0,Afternoon,0.1215065841837387,1297,8022,1297_8022,56,56,252.8141554182797,5,1,0,1,3,2,1,Middle-aged,84.79809277933008,False,-0.5344152678727937
9068,2023-01-28 19:35:14,3,13.0418,80.2337,West,FR,Fraud,Moderate,43,Low,Cold Case,19,5,28,1,2023,1,1,0,Evening,0.0551526064660638,1304,8023,1304_8023,59,59,380.2707627274372,5,4,1,4,2,1,6,Middle-aged,123.05045958746192,False,-0.5409219218591674
9069,2024-02-11 20:48:51,1,13.0827,80.2707,Central,TH,Theft,Moderate,68,Low,Closed,20,6,11,2,2024,1,1,1,Evening,0.0,1308,8027,1308_8027,65,65,650.0,7,0,1,7,2,1,5,Senior,204.8,False,-0.55797093031692
9070,2024-10-31 09:31:54,5,13.1134,80.1603,North,VN,Vandalism,Minor,26,High,Closed,9,3,31,10,2024,4,0,0,Morning,0.1145890483423247,1311,8016,1311_8016,64,64,298.2444840237305,1,2,2,8,1,3,5,Adult,98.7348836686576,False,-0.5388044340301225
9071,2024-04-18 19:03:21,2,13.0404,80.2824,South,CY,Cybercrime,Serious,33,Critical,Cold Case,19,3,18,4,2024,2,0,0,Evening,0.0438882672248501,1304,8028,1304_8028,56,56,389.1908706669626,2,3,1,2,3,4,6,Adult,125.71110735393492,False,-0.4858811280203063
9072,2024-04-22 09:39:54,3,13.0418,80.2337,West,RB,Robbery,Critical,23,High,Under Investigation,9,0,22,4,2024,2,0,0,Morning,0.0551526064660638,1304,8023,1304_8023,59,59,380.2707627274372,1,4,2,6,4,3,3,Young,123.85045958746193,False,-0.5286304187368372
9073,2024-08-31 07:15:01,1,13.0827,80.2707,Central,TH,Theft,Moderate,26,High,Assigned,7,5,31,8,2024,3,1,0,Morning,0.0,1308,8027,1308_8027,65,65,650.0,3,0,2,7,2,3,2,Adult,204.8,False,-0.5657900938196839
9074,2023-01-24 10:27:32,4,12.9716,80.2215,East,VN,Vandalism,Minor,32,Low,Pending,10,1,24,1,2023,1,0,0,Morning,0.1215065841837387,1297,8022,1297_8022,56,56,252.8141554182797,1,1,2,8,1,1,4,Adult,83.99809277933008,False,-0.5686607118496324
9075,2024-09-30 23:08:05,5,13.1134,80.1603,North,TH,Theft,Moderate,29,Medium,Pending,23,0,30,9,2024,3,0,1,Night,0.1145890483423247,1311,8016,1311_8016,64,64,298.2444840237305,2,2,3,7,2,2,4,Adult,99.1348836686576,True,-0.5865530500103314
9076,2024-08-12 18:23:09,1,13.0827,80.2707,Central,TH,Theft,Moderate,54,Critical,Closed,18,0,12,8,2024,3,0,0,Evening,0.0,1308,8027,1308_8027,65,65,650.0,5,0,1,7,2,4,5,Middle-aged,204.8,False,-0.5420802137151152
9077,2023-11-04 19:49:52,1,13.0827,80.2707,Central,FR,Fraud,Moderate,63,Critical,Cold Case,19,5,4,11,2023,4,1,0,Evening,0.0,1308,8027,1308_8027,65,65,650.0,5,0,1,4,2,4,6,Senior,204.8,False,-0.5560723765566475
9078,2024-01-11 22:09:31,3,13.0418,80.2337,West,CY,Cybercrime,Serious,60,Medium,Cold Case,22,3,11,1,2024,1,0,1,Night,0.0551526064660638,1304,8023,1304_8023,59,59,380.2707627274372,3,4,3,2,3,2,6,Middle-aged,123.45045958746194,False,-0.5379824070198992
9079,2023-03-19 18:45:28,4,12.9716,80.2215,East,DR,Drug Related,Critical,51,Critical,Assigned,18,6,19,3,2023,1,1,0,Evening,0.1215065841837387,1297,8022,1297_8022,56,56,252.8141554182797,2,1,1,3,4,4,2,Middle-aged,85.19809277933007,False,-0.5471454467194042
9080,2023-02-27 17:31:31,1,13.0827,80.2707,Central,TH,Theft,Moderate,63,High,Reported,17,0,27,2,2023,1,0,0,Afternoon,0.0,1308,8027,1308_8027,65,65,650.0,2,0,0,7,2,3,1,Senior,204.8,False,-0.5188956623823492
9081,2023-09-18 20:27:52,4,12.9716,80.2215,East,VN,Vandalism,Minor,60,Low,Closed,20,0,18,9,2023,3,0,1,Evening,0.1215065841837387,1297,8022,1297_8022,56,56,252.8141554182797,2,1,1,8,1,1,5,Middle-aged,83.99809277933008,False,-0.5553637321864414
9082,2024-01-09 21:10:22,5,13.1134,80.1603,North,AS,Assault,Serious,63,High,Pending,21,1,9,1,2024,1,0,1,Evening,0.1145890483423247,1311,8016,1311_8016,64,64,298.2444840237305,4,2,1,0,3,3,4,Senior,99.5348836686576,False,-0.5437811475356413
9083,2024-05-11 07:48:20,3,13.0418,80.2337,West,BR,Burglary,Serious,67,Low,Assigned,7,5,11,5,2024,2,1,0,Morning,0.0551526064660638,1304,8023,1304_8023,59,59,380.2707627274372,3,4,2,1,3,1,2,Senior,123.45045958746194,False,-0.5470672433659837
9084,2023-08-26 13:34:41,3,13.0418,80.2337,West,HM,Homicide,Critical,68,High,Assigned,13,5,26,8,2023,3,1,0,Afternoon,0.0551526064660638,1304,8023,1304_8023,59,59,380.2707627274372,4,4,0,5,4,3,2,Senior,123.85045958746193,False,-0.5327221589390221
9085,2023-06-29 04:12:18,4,12.9716,80.2215,East,FR,Fraud,Moderate,63,Low,Closed,4,3,29,6,2023,2,0,1,Night,0.1215065841837387,1297,8022,1297_8022,56,56,252.8141554182797,3,1,3,4,2,1,5,Senior,84.39809277933007,False,-0.5375813863611075
9086,2024-05-09 16:23:57,5,13.1134,80.1603,North,CY,Cybercrime,Serious,36,Critical,Assigned,16,3,9,5,2024,2,0,0,Afternoon,0.1145890483423247,1311,8016,1311_8016,64,64,298.2444840237305,3,2,0,2,3,4,2,Adult,99.5348836686576,False,-0.49090494919187644
9087,2024-04-30 21:55:49,4,12.9716,80.2215,East,VT,Vehicle Theft,Moderate,58,Critical,Reported,21,1,30,4,2024,2,0,1,Evening,0.1215065841837387,1297,8022,1297_8022,56,56,252.8141554182797,4,1,1,9,2,4,1,Middle-aged,84.39809277933007,False,-0.5288171158108886
9088,2024-02-19 13:45:30,1,13.0827,80.2707,Central,TH,Theft,Moderate,34,Critical,Cold Case,13,0,19,2,2024,1,0,0,Afternoon,0.0,1308,8027,1308_8027,65,65,650.0,2,0,0,7,2,4,6,Adult,204.8,False,-0.5198381007269262
9089,2023-06-24 06:37:39,5,13.1134,80.1603,North,RB,Robbery,Critical,36,Low,Assigned,6,5,24,6,2023,2,1,1,Morning,0.1145890483423247,1311,8016,1311_8016,64,64,298.2444840237305,2,2,2,6,4,1,2,Adult,99.9348836686576,False,-0.5528608573048683
9090,2024-03-20 17:52:40,2,13.0404,80.2824,South,BR,Burglary,Serious,65,Low,Reported,17,2,20,3,2024,1,0,0,Afternoon,0.0438882672248501,1304,8028,1304_8028,56,56,389.1908706669626,3,3,0,1,3,1,1,Senior,125.71110735393492,False,-0.4954143611701396
9091,2023-06-22 06:31:40,4,12.9716,80.2215,East,RB,Robbery,Critical,50,Low,Reported,6,3,22,6,2023,2,0,1,Morning,0.1215065841837387,1297,8022,1297_8022,56,56,252.8141554182797,2,1,2,6,4,1,1,Middle-aged,85.19809277933007,False,-0.5181228016366873
9092,2024-04-18 22:46:39,1,13.0827,80.2707,Central,AS,Assault,Serious,69,Critical,Pending,22,3,18,4,2024,2,0,1,Night,0.0,1308,8027,1308_8027,65,65,650.0,3,0,3,0,3,4,4,Senior,205.2,False,-0.5389420973741882
9093,2023-11-15 19:36:54,2,13.0404,80.2824,South,AS,Assault,Serious,48,Critical,Under Investigation,19,2,15,11,2023,4,0,0,Evening,0.0438882672248501,1304,8028,1304_8028,56,56,389.1908706669626,5,3,1,0,3,4,3,Middle-aged,125.71110735393492,False,-0.502435787306687
9094,2023-03-28 16:42:54,5,13.1134,80.1603,North,VN,Vandalism,Minor,36,Critical,Under Investigation,16,1,28,3,2023,1,0,0,Afternoon,0.1145890483423247,1311,8016,1311_8016,64,64,298.2444840237305,4,2,0,8,1,4,3,Adult,98.7348836686576,False,-0.5001987443621836
9095,2023-12-09 16:48:20,5,13.1134,80.1603,North,VT,Vehicle Theft,Moderate,74,Critical,Reported,16,5,9,12,2023,4,1,0,Afternoon,0.1145890483423247,1311,8016,1311_8016,64,64,298.2444840237305,3,2,0,9,2,4,1,Senior,99.1348836686576,False,-0.5470453404674004
9096,2023-12-27 16:30:43,3,13.0418,80.2337,West,HM,Homicide,Critical,67,Critical,Assigned,16,2,27,12,2023,4,0,0,Afternoon,0.0551526064660638,1304,8023,1304_8023,59,59,380.2707627274372,4,4,0,5,4,4,2,Senior,123.85045958746193,False,-0.5090716377388718
9097,2024-08-10 15:43:46,1,13.0827,80.2707,Central,RB,Robbery,Critical,38,Medium,Closed,15,5,10,8,2024,3,1,0,Afternoon,0.0,1308,8027,1308_8027,65,65,650.0,3,0,0,6,4,2,5,Adult,205.6,False,-0.5164042589040896
9098,2024-01-15 19:47:29,5,13.1134,80.1603,North,VN,Vandalism,Minor,74,Critical,Pending,19,0,15,1,2024,1,0,0,Evening,0.1145890483423247,1311,8016,1311_8016,64,64,298.2444840237305,6,2,1,8,1,4,4,Senior,98.7348836686576,False,-0.5675135735248606
9099,2023-06-27 09:43:22,2,13.0404,80.2824,South,AS,Assault,Serious,25,Critical,Assigned,9,1,27,6,2023,2,0,0,Morning,0.0438882672248501,1304,8028,1304_8028,56,56,389.1908706669626,1,3,2,0,3,4,2,Young,125.71110735393492,False,-0.5188408721064321
9100,2024-09-11 22:32:24,2,13.0404,80.2824,South,FR,Fraud,Moderate,44,Medium,Assigned,22,2,11,9,2024,3,0,1,Night,0.0438882672248501,1304,8028,1304_8028,56,56,389.1908706669626,2,3,3,4,2,2,2,Middle-aged,125.31110735393491,False,-0.5180417248205712
9101,2023-10-22 05:21:01,3,13.0418,80.2337,West,TH,Theft,Moderate,29,Medium,Assigned,5,6,22,10,2023,4,1,1,Night,0.0551526064660638,1304,8023,1304_8023,59,59,380.2707627274372,1,4,3,7,2,2,2,Adult,123.05045958746192,True,-0.5920760531287774
9102,2024-09-17 20:34:11,3,13.0418,80.2337,West,DR,Drug Related,Critical,38,Low,Closed,20,1,17,9,2024,3,0,1,Evening,0.0551526064660638,1304,8023,1304_8023,59,59,380.2707627274372,4,4,1,3,4,1,5,Adult,123.85045958746193,False,-0.5143695193997853
9103,2024-05-19 20:34:50,4,12.9716,80.2215,East,HM,Homicide,Critical,26,Medium,Pending,20,6,19,5,2024,2,1,1,Evening,0.1215065841837387,1297,8022,1297_8022,56,56,252.8141554182797,7,1,1,5,4,2,4,Adult,85.19809277933007,True,-0.593226531354254
9104,2023-07-13 17:06:11,4,12.9716,80.2215,East,HM,Homicide,Critical,68,Critical,Cold Case,17,3,13,7,2023,3,0,0,Afternoon,0.1215065841837387,1297,8022,1297_8022,56,56,252.8141554182797,2,1,0,5,4,4,6,Senior,85.19809277933007,False,-0.5352602760462168
9105,2024-03-04 12:12:40,5,13.1134,80.1603,North,TH,Theft,Moderate,52,Low,Reported,12,0,4,3,2024,1,0,0,Afternoon,0.1145890483423247,1311,8016,1311_8016,64,64,298.2444840237305,4,2,0,7,2,1,1,Middle-aged,99.1348836686576,False,-0.5134736643643381
9106,2023-11-14 22:06:32,1,13.0827,80.2707,Central,RB,Robbery,Critical,55,Low,Cold Case,22,1,14,11,2023,4,0,1,Night,0.0,1308,8027,1308_8027,65,65,650.0,5,0,3,6,4,1,6,Middle-aged,205.6,False,-0.5750350196814598
9107,2024-02-14 12:28:22,1,13.0827,80.2707,Central,FR,Fraud,Moderate,20,Medium,Pending,12,2,14,2,2024,1,0,0,Afternoon,0.0,1308,8027,1308_8027,65,65,650.0,2,0,0,4,2,2,4,Young,204.8,False,-0.5381349478836922
9108,2023-04-25 20:22:41,5,13.1134,80.1603,North,FR,Fraud,Moderate,68,High,Closed,20,1,25,4,2023,2,0,1,Evening,0.1145890483423247,1311,8016,1311_8016,64,64,298.2444840237305,4,2,1,4,2,3,5,Senior,99.1348836686576,False,-0.5310933762808694
9109,2024-05-27 06:35:50,4,12.9716,80.2215,East,AS,Assault,Serious,51,Medium,Closed,6,0,27,5,2024,2,0,1,Morning,0.1215065841837387,1297,8022,1297_8022,56,56,252.8141554182797,2,1,2,0,3,2,5,Middle-aged,84.79809277933008,False,-0.5318804934600372
9110,2024-02-24 20:23:27,1,13.0827,80.2707,Central,VN,Vandalism,Minor,63,Critical,Under Investigation,20,5,24,2,2024,1,1,1,Evening,0.0,1308,8027,1308_8027,65,65,650.0,5,0,1,8,1,4,3,Senior,204.4,False,-0.5261352521223216
9111,2023-01-10 17:58:35,4,12.9716,80.2215,East,TH,Theft,Moderate,63,Low,Closed,17,1,10,1,2023,1,0,0,Afternoon,0.1215065841837387,1297,8022,1297_8022,56,56,252.8141554182797,3,1,0,7,2,1,5,Senior,84.39809277933007,False,-0.5379276637005391
9112,2024-10-10 00:15:33,5,13.1134,80.1603,North,FR,Fraud,Moderate,75,Medium,Assigned,0,3,10,10,2024,4,0,1,Night,0.1145890483423247,1311,8016,1311_8016,64,64,298.2444840237305,1,2,3,4,2,2,2,Senior,99.1348836686576,True,-0.6048655267970832
9113,2023-09-19 12:54:50,2,13.0404,80.2824,South,FR,Fraud,Moderate,59,Medium,Assigned,12,1,19,9,2023,3,0,0,Afternoon,0.0438882672248501,1304,8028,1304_8028,56,56,389.1908706669626,1,3,0,4,2,2,2,Middle-aged,125.31110735393491,False,-0.5101467096458426
9114,2023-03-08 04:23:52,4,12.9716,80.2215,East,VN,Vandalism,Minor,33,Critical,Under Investigation,4,2,8,3,2023,1,0,1,Night,0.1215065841837387,1297,8022,1297_8022,56,56,252.8141554182797,2,1,3,8,1,4,3,Adult,83.99809277933008,False,-0.5306309293532379
9115,2023-02-15 06:54:07,1,13.0827,80.2707,Central,FR,Fraud,Moderate,29,Critical,Pending,6,2,15,2,2023,1,0,1,Morning,0.0,1308,8027,1308_8027,65,65,650.0,1,0,2,4,2,4,4,Adult,204.8,False,-0.5456217644608533
9116,2023-01-25 21:19:22,3,13.0418,80.2337,West,VT,Vehicle Theft,Moderate,66,Medium,Under Investigation,21,2,25,1,2023,1,0,1,Evening,0.0551526064660638,1304,8023,1304_8023,59,59,380.2707627274372,3,4,1,9,2,2,3,Senior,123.05045958746192,False,-0.5194528282538766
9117,2024-04-12 18:24:05,5,13.1134,80.1603,North,HM,Homicide,Critical,38,Medium,Closed,18,4,12,4,2024,2,0,0,Evening,0.1145890483423247,1311,8016,1311_8016,64,64,298.2444840237305,3,2,1,5,4,2,5,Adult,99.9348836686576,False,-0.514337228070232
9118,2024-06-16 20:29:39,2,13.0404,80.2824,South,CY,Cybercrime,Serious,72,Medium,Pending,20,6,16,6,2024,2,1,1,Evening,0.0438882672248501,1304,8028,1304_8028,56,56,389.1908706669626,7,3,1,2,3,2,4,Senior,125.71110735393492,False,-0.5774449567608222
9119,2024-08-16 12:47:09,5,13.1134,80.1603,North,FR,Fraud,Moderate,29,Medium,Reported,12,4,16,8,2024,3,0,0,Afternoon,0.1145890483423247,1311,8016,1311_8016,64,64,298.2444840237305,4,2,0,4,2,2,1,Adult,99.1348836686576,False,-0.5280588257491118
9120,2024-12-23 15:42:53,4,12.9716,80.2215,East,VN,Vandalism,Minor,33,Critical,Pending,15,0,23,12,2024,4,0,0,Afternoon,0.1215065841837387,1297,8022,1297_8022,56,56,252.8141554182797,5,1,0,8,1,4,4,Adult,83.99809277933008,False,-0.5614372660807115
9121,2024-05-12 15:08:38,4,12.9716,80.2215,East,VT,Vehicle Theft,Moderate,25,Low,Pending,15,6,12,5,2024,2,1,0,Afternoon,0.1215065841837387,1297,8022,1297_8022,56,56,252.8141554182797,4,1,0,9,2,1,4,Young,84.39809277933007,False,-0.5214414096805514
9122,2024-10-11 22:42:15,3,13.0418,80.2337,West,VT,Vehicle Theft,Moderate,35,Critical,Closed,22,4,11,10,2024,4,0,1,Night,0.0551526064660638,1304,8023,1304_8023,59,59,380.2707627274372,3,4,3,9,2,4,5,Adult,123.05045958746192,False,-0.5364593508887202
9123,2024-11-06 08:38:26,4,12.9716,80.2215,East,AS,Assault,Serious,70,Low,Cold Case,8,2,6,11,2024,4,0,0,Morning,0.1215065841837387,1297,8022,1297_8022,56,56,252.8141554182797,1,1,2,0,3,1,6,Senior,84.79809277933008,False,-0.5683584180422038
9124,2023-06-28 20:36:22,3,13.0418,80.2337,West,TH,Theft,Moderate,25,Medium,Under Investigation,20,2,28,6,2023,2,0,1,Evening,0.0551526064660638,1304,8023,1304_8023,59,59,380.2707627274372,3,4,1,7,2,2,3,Young,123.05045958746192,False,-0.5130460688816605
9125,2024-03-13 21:33:46,1,13.0827,80.2707,Central,DR,Drug Related,Critical,65,Medium,Reported,21,2,13,3,2024,1,0,1,Evening,0.0,1308,8027,1308_8027,65,65,650.0,3,0,1,3,4,2,1,Senior,205.6,False,-0.5200410515149734
9126,2024-02-08 18:23:08,1,13.0827,80.2707,Central,HM,Homicide,Critical,29,Low,Assigned,18,3,8,2,2024,1,0,0,Evening,0.0,1308,8027,1308_8027,65,65,650.0,6,0,1,5,4,1,2,Adult,205.6,False,-0.5438015455311557
9127,2023-10-04 17:06:44,3,13.0418,80.2337,West,VN,Vandalism,Minor,69,Low,Reported,17,2,4,10,2023,4,0,0,Afternoon,0.0551526064660638,1304,8023,1304_8023,59,59,380.2707627274372,3,4,0,8,1,1,1,Senior,122.65045958746194,False,-0.4883139400716489
9128,2023-08-14 02:47:20,4,12.9716,80.2215,East,RB,Robbery,Critical,34,Low,Cold Case,2,0,14,8,2023,3,0,1,Night,0.1215065841837387,1297,8022,1297_8022,56,56,252.8141554182797,1,1,3,6,4,1,6,Adult,85.19809277933007,False,-0.5736076217548431
9129,2023-12-29 11:30:14,5,13.1134,80.1603,North,CY,Cybercrime,Serious,66,High,Cold Case,11,4,29,12,2023,4,0,0,Morning,0.1145890483423247,1311,8016,1311_8016,64,64,298.2444840237305,1,2,2,2,3,3,6,Senior,99.5348836686576,False,-0.550550278274511
9130,2023-05-14 22:34:55,2,13.0404,80.2824,South,VN,Vandalism,Minor,30,Critical,Reported,22,6,14,5,2023,2,1,1,Night,0.0438882672248501,1304,8028,1304_8028,56,56,389.1908706669626,3,3,3,8,1,4,1,Adult,124.91110735393494,False,-0.5695257265785015
9131,2023-02-02 18:43:23,2,13.0404,80.2824,South,AS,Assault,Serious,30,Medium,Assigned,18,3,2,2,2023,1,0,0,Evening,0.0438882672248501,1304,8028,1304_8028,56,56,389.1908706669626,6,3,1,0,3,2,2,Adult,125.71110735393492,False,-0.5178943959984038
9132,2023-12-14 15:23:26,5,13.1134,80.1603,North,AS,Assault,Serious,43,High,Under Investigation,15,3,14,12,2023,4,0,0,Afternoon,0.1145890483423247,1311,8016,1311_8016,64,64,298.2444840237305,3,2,0,0,3,3,3,Middle-aged,99.5348836686576,False,-0.5037404946970042
9133,2024-08-26 14:47:19,3,13.0418,80.2337,West,RB,Robbery,Critical,48,Critical,Pending,14,0,26,8,2024,3,0,0,Afternoon,0.0551526064660638,1304,8023,1304_8023,59,59,380.2707627274372,3,4,0,6,4,4,4,Middle-aged,123.85045958746193,False,-0.47254537011585834
9134,2024-07-27 20:24:13,3,13.0418,80.2337,West,CY,Cybercrime,Serious,63,Medium,Reported,20,5,27,7,2024,3,1,1,Evening,0.0551526064660638,1304,8023,1304_8023,59,59,380.2707627274372,5,4,1,2,3,2,1,Senior,123.45045958746194,False,-0.5451417932677192
9135,2024-12-24 21:30:16,5,13.1134,80.1603,North,RB,Robbery,Critical,70,Medium,Under Investigation,21,1,24,12,2024,4,0,1,Evening,0.1145890483423247,1311,8016,1311_8016,64,64,298.2444840237305,4,2,1,6,4,2,3,Senior,99.9348836686576,False,-0.5506255979761543
9136,2024-01-26 17:27:42,1,13.0827,80.2707,Central,VT,Vehicle Theft,Moderate,59,Medium,Reported,17,4,26,1,2024,1,0,0,Afternoon,0.0,1308,8027,1308_8027,65,65,650.0,1,0,0,9,2,2,1,Middle-aged,204.8,False,-0.5628778596489076
9137,2024-10-08 13:51:54,2,13.0404,80.2824,South,DR,Drug Related,Critical,36,High,Assigned,13,1,8,10,2024,4,0,0,Afternoon,0.0438882672248501,1304,8028,1304_8028,56,56,389.1908706669626,3,3,0,3,4,3,2,Adult,126.11110735393493,False,-0.48862363284905935
9138,2023-10-12 11:09:18,2,13.0404,80.2824,South,VT,Vehicle Theft,Moderate,59,Low,Closed,11,3,12,10,2023,4,0,0,Morning,0.0438882672248501,1304,8028,1304_8028,56,56,389.1908706669626,1,3,2,9,2,1,5,Middle-aged,125.31110735393491,False,-0.5080979892786927
9139,2024-10-06 21:39:02,5,13.1134,80.1603,North,FR,Fraud,Moderate,27,Critical,Cold Case,21,6,6,10,2024,4,1,1,Evening,0.1145890483423247,1311,8016,1311_8016,64,64,298.2444840237305,4,2,1,4,2,4,6,Adult,99.1348836686576,False,-0.5495640627604323
9140,2023-08-27 16:16:13,5,13.1134,80.1603,North,TH,Theft,Moderate,66,Low,Closed,16,6,27,8,2023,3,1,0,Afternoon,0.1145890483423247,1311,8016,1311_8016,64,64,298.2444840237305,4,2,0,7,2,1,5,Senior,99.1348836686576,False,-0.5211687778738163
9141,2024-10-16 01:35:49,1,13.0827,80.2707,Central,HM,Homicide,Critical,52,Critical,Assigned,1,2,16,10,2024,4,0,1,Night,0.0,1308,8027,1308_8027,65,65,650.0,3,0,3,5,4,4,2,Middle-aged,205.6,True,-0.5900185396772409
9142,2024-10-21 18:56:31,5,13.1134,80.1603,North,TH,Theft,Moderate,63,High,Assigned,18,0,21,10,2024,4,0,0,Evening,0.1145890483423247,1311,8016,1311_8016,64,64,298.2444840237305,5,2,1,7,2,3,2,Senior,99.1348836686576,False,-0.5050850544120565
9143,2023-05-06 20:39:02,1,13.0827,80.2707,Central,RB,Robbery,Critical,55,Critical,Closed,20,5,6,5,2023,2,1,1,Evening,0.0,1308,8027,1308_8027,65,65,650.0,5,0,1,6,4,4,5,Middle-aged,205.6,False,-0.522487202779062
9144,2023-06-24 14:53:05,1,13.0827,80.2707,Central,DR,Drug Related,Critical,34,Medium,Reported,14,5,24,6,2023,2,1,0,Afternoon,0.0,1308,8027,1308_8027,65,65,650.0,1,0,0,3,4,2,1,Adult,205.6,False,-0.5525750523602965
9145,2024-03-07 17:12:45,2,13.0404,80.2824,South,CY,Cybercrime,Serious,22,Medium,Closed,17,3,7,3,2024,1,0,0,Afternoon,0.0438882672248501,1304,8028,1304_8028,56,56,389.1908706669626,2,3,0,2,3,2,5,Young,125.71110735393492,False,-0.5066379308764017
9146,2023-03-28 16:43:42,3,13.0418,80.2337,West,TH,Theft,Moderate,50,Low,Reported,16,1,28,3,2023,1,0,0,Afternoon,0.0551526064660638,1304,8023,1304_8023,59,59,380.2707627274372,4,4,0,7,2,1,1,Middle-aged,123.05045958746192,False,-0.47262105265564086
9147,2023-04-12 01:06:57,4,12.9716,80.2215,East,BR,Burglary,Serious,45,High,Closed,1,2,12,4,2023,2,0,1,Night,0.1215065841837387,1297,8022,1297_8022,56,56,252.8141554182797,3,1,3,1,3,3,5,Middle-aged,84.79809277933008,False,-0.5305354922685757
9148,2023-01-11 20:42:00,1,13.0827,80.2707,Central,CY,Cybercrime,Serious,28,Critical,Closed,20,2,11,1,2023,1,0,1,Evening,0.0,1308,8027,1308_8027,65,65,650.0,3,0,1,2,3,4,5,Adult,205.2,False,-0.5325060320377363
9149,2024-05-30 03:35:07,2,13.0404,80.2824,South,DR,Drug Related,Critical,38,Critical,Assigned,3,3,30,5,2024,2,0,1,Night,0.0438882672248501,1304,8028,1304_8028,56,56,389.1908706669626,1,3,3,3,4,4,2,Adult,126.11110735393493,False,-0.5462405231493612
9150,2024-07-06 09:35:35,5,13.1134,80.1603,North,BR,Burglary,Serious,32,Critical,Cold Case,9,5,6,7,2024,3,1,0,Morning,0.1145890483423247,1311,8016,1311_8016,64,64,298.2444840237305,2,2,2,1,3,4,6,Adult,99.5348836686576,False,-0.5331077257140774
9151,2024-04-19 15:28:58,5,13.1134,80.1603,North,VN,Vandalism,Minor,39,High,Closed,15,4,19,4,2024,2,0,0,Afternoon,0.1145890483423247,1311,8016,1311_8016,64,64,298.2444840237305,1,2,0,8,1,3,5,Adult,98.7348836686576,False,-0.525143262881305
9152,2023-07-02 13:42:23,4,12.9716,80.2215,East,TH,Theft,Moderate,70,Low,Under Investigation,13,6,2,7,2023,3,1,0,Afternoon,0.1215065841837387,1297,8022,1297_8022,56,56,252.8141554182797,3,1,0,7,2,1,3,Senior,84.39809277933007,False,-0.5358865583751875
9153,2024-01-13 20:02:06,5,13.1134,80.1603,North,RB,Robbery,Critical,45,Medium,Assigned,20,5,13,1,2024,1,1,1,Evening,0.1145890483423247,1311,8016,1311_8016,64,64,298.2444840237305,5,2,1,6,4,2,2,Middle-aged,99.9348836686576,False,-0.5559914682580716
9154,2024-07-21 13:23:25,1,13.0827,80.2707,Central,VN,Vandalism,Minor,52,Medium,Reported,13,6,21,7,2024,3,1,0,Afternoon,0.0,1308,8027,1308_8027,65,65,650.0,3,0,0,8,1,2,1,Middle-aged,204.4,False,-0.5350833532136067
9155,2024-08-03 18:30:33,5,13.1134,80.1603,North,FR,Fraud,Moderate,34,High,Cold Case,18,5,3,8,2024,3,1,0,Evening,0.1145890483423247,1311,8016,1311_8016,64,64,298.2444840237305,1,2,1,4,2,3,6,Adult,99.1348836686576,False,-0.5378985289809209
9156,2024-03-15 23:07:01,3,13.0418,80.2337,West,RB,Robbery,Critical,43,Low,Assigned,23,4,15,3,2024,1,0,1,Night,0.0551526064660638,1304,8023,1304_8023,59,59,380.2707627274372,2,4,3,6,4,1,2,Middle-aged,123.85045958746193,False,-0.5403644595768097
9259,2024-10-28 12:05:12,5,13.1134,80.1603,North,CY,Cybercrime,Serious,70,Medium,Assigned,12,0,28,10,2024,4,0,0,Afternoon,0.1145890483423247,1311,8016,1311_8016,64,64,298.2444840237305,4,2,0,2,3,2,2,Senior,99.5348836686576,False,-0.518757223618961
9260,2023-04-21 12:45:57,4,12.9716,80.2215,East,VN,Vandalism,Minor,18,Medium,Pending,12,4,21,4,2023,2,0,0,Afternoon,0.1215065841837387,1297,8022,1297_8022,56,56,252.8141554182797,4,1,0,8,1,2,4,Young,83.99809277933008,False,-0.5441276763716574
9261,2023-06-27 16:53:34,3,13.0418,80.2337,West,RB,Robbery,Critical,30,Low,Closed,16,1,27,6,2023,2,0,0,Afternoon,0.0551526064660638,1304,8023,1304_8023,59,59,380.2707627274372,4,4,0,6,4,1,5,Adult,123.85045958746193,False,-0.47830295602726375
9262,2024-03-11 18:05:42,1,13.0827,80.2707,Central,DR,Drug Related,Critical,64,Medium,Closed,18,0,11,3,2024,1,0,0,Evening,0.0,1308,8027,1308_8027,65,65,650.0,5,0,1,3,4,2,5,Senior,205.6,False,-0.539691434530404
9263,2023-07-07 20:53:11,5,13.1134,80.1603,North,CY,Cybercrime,Serious,43,Low,Under Investigation,20,4,7,7,2023,3,0,1,Evening,0.1145890483423247,1311,8016,1311_8016,64,64,298.2444840237305,3,2,1,2,3,1,3,Middle-aged,99.5348836686576,False,-0.5148692316165219
9264,2024-02-18 16:24:24,3,13.0418,80.2337,West,AS,Assault,Serious,45,Critical,Under Investigation,16,6,18,2,2024,1,1,0,Afternoon,0.0551526064660638,1304,8023,1304_8023,59,59,380.2707627274372,4,4,0,0,3,4,3,Middle-aged,123.45045958746194,False,-0.5407878662382095
9265,2024-01-29 14:22:11,1,13.0827,80.2707,Central,RB,Robbery,Critical,67,Low,Under Investigation,14,0,29,1,2024,1,0,0,Afternoon,0.0,1308,8027,1308_8027,65,65,650.0,3,0,0,6,4,1,3,Senior,205.6,False,-0.5299245631014101
9266,2023-01-03 22:45:52,1,13.0827,80.2707,Central,HM,Homicide,Critical,33,High,Under Investigation,22,1,3,1,2023,1,0,1,Night,0.0,1308,8027,1308_8027,65,65,650.0,5,0,3,5,4,3,3,Adult,205.6,False,-0.5693196012555097
9267,2023-08-28 16:39:45,4,12.9716,80.2215,East,BR,Burglary,Serious,50,High,Under Investigation,16,0,28,8,2023,3,0,0,Afternoon,0.1215065841837387,1297,8022,1297_8022,56,56,252.8141554182797,3,1,0,1,3,3,3,Middle-aged,84.79809277933008,False,-0.5189305042735795
9268,2024-05-26 20:07:38,5,13.1134,80.1603,North,FR,Fraud,Moderate,34,Low,Under Investigation,20,6,26,5,2024,2,1,1,Evening,0.1145890483423247,1311,8016,1311_8016,64,64,298.2444840237305,7,2,1,4,2,1,3,Adult,99.1348836686576,False,-0.5782759608873215
9269,2023-08-21 21:20:59,2,13.0404,80.2824,South,BR,Burglary,Serious,63,Medium,Under Investigation,21,0,21,8,2023,3,0,1,Evening,0.0438882672248501,1304,8028,1304_8028,56,56,389.1908706669626,1,3,1,1,3,2,3,Senior,125.71110735393492,False,-0.5446087611341052
9270,2023-03-17 08:27:40,3,13.0418,80.2337,West,CY,Cybercrime,Serious,38,Medium,Assigned,8,4,17,3,2023,1,0,0,Morning,0.0551526064660638,1304,8023,1304_8023,59,59,380.2707627274372,6,4,2,2,3,2,2,Adult,123.45045958746194,False,-0.5256594344881717
9271,2024-08-02 21:16:29,5,13.1134,80.1603,North,DR,Drug Related,Critical,66,Medium,Closed,21,4,2,8,2024,3,0,1,Evening,0.1145890483423247,1311,8016,1311_8016,64,64,298.2444840237305,2,2,1,3,4,2,5,Senior,99.9348836686576,False,-0.5274428007746196
9272,2024-04-01 15:45:21,3,13.0418,80.2337,West,FR,Fraud,Moderate,27,Critical,Pending,15,0,1,4,2024,2,0,0,Afternoon,0.0551526064660638,1304,8023,1304_8023,59,59,380.2707627274372,5,4,0,4,2,4,4,Adult,123.05045958746192,False,-0.49681300974855697
9273,2023-02-15 19:18:13,2,13.0404,80.2824,South,FR,Fraud,Moderate,32,Critical,Assigned,19,2,15,2,2023,1,0,0,Evening,0.0438882672248501,1304,8028,1304_8028,56,56,389.1908706669626,5,3,1,4,2,4,2,Adult,125.31110735393491,False,-0.5007220674559704
9274,2023-12-04 19:52:22,5,13.1134,80.1603,North,DR,Drug Related,Critical,64,High,Pending,19,0,4,12,2023,4,0,0,Evening,0.1145890483423247,1311,8016,1311_8016,64,64,298.2444840237305,6,2,1,3,4,3,4,Senior,99.9348836686576,False,-0.5296995709787354
9275,2024-10-13 20:42:18,1,13.0827,80.2707,Central,FR,Fraud,Moderate,33,High,Assigned,20,6,13,10,2024,4,1,1,Evening,0.0,1308,8027,1308_8027,65,65,650.0,7,0,1,4,2,3,2,Adult,204.8,False,-0.5546304135728718
9276,2024-07-12 22:24:19,4,12.9716,80.2215,East,FR,Fraud,Moderate,40,Critical,Reported,22,4,12,7,2024,3,0,1,Night,0.1215065841837387,1297,8022,1297_8022,56,56,252.8141554182797,3,1,3,4,2,4,1,Adult,84.39809277933007,False,-0.5281526859485473
9277,2024-05-30 04:44:22,1,13.0827,80.2707,Central,VT,Vehicle Theft,Moderate,74,High,Under Investigation,4,3,30,5,2024,2,0,1,Night,0.0,1308,8027,1308_8027,65,65,650.0,3,0,3,9,2,3,3,Senior,204.8,True,-0.5857480625110096
9278,2023-02-15 21:49:12,1,13.0827,80.2707,Central,BR,Burglary,Serious,68,High,Closed,21,2,15,2,2023,1,0,1,Evening,0.0,1308,8027,1308_8027,65,65,650.0,3,0,1,1,3,3,5,Senior,205.2,False,-0.5231259928458216
9279,2023-01-17 16:04:16,5,13.1134,80.1603,North,AS,Assault,Serious,36,Low,Reported,16,1,17,1,2023,1,0,0,Afternoon,0.1145890483423247,1311,8016,1311_8016,64,64,298.2444840237305,4,2,0,0,3,1,1,Adult,99.5348836686576,False,-0.5192115670992281
9280,2024-07-25 10:21:03,5,13.1134,80.1603,North,AS,Assault,Serious,56,Critical,Under Investigation,10,3,25,7,2024,3,0,0,Morning,0.1145890483423247,1311,8016,1311_8016,64,64,298.2444840237305,2,2,2,0,3,4,3,Middle-aged,99.5348836686576,False,-0.5057665267217958
9281,2023-05-06 13:34:45,4,12.9716,80.2215,East,FR,Fraud,Moderate,59,Low,Pending,13,5,6,5,2023,2,1,0,Afternoon,0.1215065841837387,1297,8022,1297_8022,56,56,252.8141554182797,4,1,0,4,2,1,4,Middle-aged,84.39809277933007,False,-0.5143723439870137
9282,2024-12-04 12:25:06,1,13.0827,80.2707,Central,BR,Burglary,Serious,64,Medium,Assigned,12,2,4,12,2024,4,0,0,Afternoon,0.0,1308,8027,1308_8027,65,65,650.0,2,0,0,1,3,2,2,Senior,205.2,False,-0.5553951369746382
9283,2024-08-27 20:00:39,2,13.0404,80.2824,South,HM,Homicide,Critical,36,Critical,Reported,20,1,27,8,2024,3,0,1,Evening,0.0438882672248501,1304,8028,1304_8028,56,56,389.1908706669626,4,3,1,5,4,4,1,Adult,126.11110735393493,False,-0.5032454090922077
9284,2023-04-25 13:25:19,5,13.1134,80.1603,North,VN,Vandalism,Minor,36,Low,Closed,13,1,25,4,2023,2,0,0,Afternoon,0.1145890483423247,1311,8016,1311_8016,64,64,298.2444840237305,3,2,0,8,1,1,5,Adult,98.7348836686576,False,-0.4985919501455586
9285,2024-07-05 08:51:04,4,12.9716,80.2215,East,BR,Burglary,Serious,64,Low,Closed,8,4,5,7,2024,3,0,0,Morning,0.1215065841837387,1297,8022,1297_8022,56,56,252.8141554182797,6,1,2,1,3,1,5,Senior,84.79809277933008,False,-0.5513005636317624
9286,2023-02-07 05:38:20,1,13.0827,80.2707,Central,TH,Theft,Moderate,33,High,Assigned,5,1,7,2,2023,1,0,1,Night,0.0,1308,8027,1308_8027,65,65,650.0,1,0,3,7,2,3,2,Adult,204.8,False,-0.5583065506778544
9287,2023-01-12 20:52:43,5,13.1134,80.1603,North,DR,Drug Related,Critical,37,Medium,Cold Case,20,3,12,1,2023,1,0,1,Evening,0.1145890483423247,1311,8016,1311_8016,64,64,298.2444840237305,2,2,1,3,4,2,6,Adult,99.9348836686576,False,-0.5487736492533334
9288,2023-02-23 15:33:19,5,13.1134,80.1603,North,VN,Vandalism,Minor,47,Low,Pending,15,3,23,2,2023,1,0,0,Afternoon,0.1145890483423247,1311,8016,1311_8016,64,64,298.2444840237305,3,2,0,8,1,1,4,Middle-aged,98.7348836686576,False,-0.5111318070327752
9289,2023-10-26 10:04:51,2,13.0404,80.2824,South,AS,Assault,Serious,53,Critical,Cold Case,10,3,26,10,2023,4,0,0,Morning,0.0438882672248501,1304,8028,1304_8028,56,56,389.1908706669626,2,3,2,0,3,4,6,Middle-aged,125.71110735393492,False,-0.48765690732369227
9290,2024-01-23 22:19:19,4,12.9716,80.2215,East,AS,Assault,Serious,42,High,Closed,22,1,23,1,2024,1,0,1,Night,0.1215065841837387,1297,8022,1297_8022,56,56,252.8141554182797,5,1,3,0,3,3,5,Middle-aged,84.79809277933008,False,-0.5681196977283101
9291,2024-09-27 08:42:36,5,13.1134,80.1603,North,BR,Burglary,Serious,24,Critical,Assigned,8,4,27,9,2024,3,0,0,Morning,0.1145890483423247,1311,8016,1311_8016,64,64,298.2444840237305,6,2,2,1,3,4,2,Young,99.5348836686576,False,-0.5726762351113754
9292,2024-09-11 19:19:21,3,13.0418,80.2337,West,VT,Vehicle Theft,Moderate,64,Low,Cold Case,19,2,11,9,2024,3,0,0,Evening,0.0551526064660638,1304,8023,1304_8023,59,59,380.2707627274372,5,4,1,9,2,1,6,Senior,123.05045958746192,False,-0.49359943852491756
9293,2023-01-17 15:56:01,2,13.0404,80.2824,South,VT,Vehicle Theft,Moderate,48,High,Cold Case,15,1,17,1,2023,1,0,0,Afternoon,0.0438882672248501,1304,8028,1304_8028,56,56,389.1908706669626,3,3,0,9,2,3,6,Middle-aged,125.31110735393491,False,-0.5021461847286671
9294,2024-02-16 18:17:04,3,13.0418,80.2337,West,DR,Drug Related,Critical,18,Critical,Under Investigation,18,4,16,2,2024,1,0,0,Evening,0.0551526064660638,1304,8023,1304_8023,59,59,380.2707627274372,3,4,1,3,4,4,3,Young,123.85045958746193,False,-0.5243539291933412
9295,2023-12-02 23:21:12,5,13.1134,80.1603,North,DR,Drug Related,Critical,24,Low,Pending,23,5,2,12,2023,4,1,1,Night,0.1145890483423247,1311,8016,1311_8016,64,64,298.2444840237305,2,2,3,3,4,1,4,Young,99.9348836686576,True,-0.5913925702880873
9296,2023-09-05 17:45:08,1,13.0827,80.2707,Central,AS,Assault,Serious,32,High,Reported,17,1,5,9,2023,3,0,0,Afternoon,0.0,1308,8027,1308_8027,65,65,650.0,3,0,0,0,3,3,1,Adult,205.2,False,-0.5210095688527416
9297,2023-01-18 14:47:52,4,12.9716,80.2215,East,VT,Vehicle Theft,Moderate,49,Low,Closed,14,2,18,1,2023,1,0,0,Afternoon,0.1215065841837387,1297,8022,1297_8022,56,56,252.8141554182797,1,1,0,9,2,1,5,Middle-aged,84.39809277933007,False,-0.5485001059119659
9298,2023-10-29 19:17:27,5,13.1134,80.1603,North,FR,Fraud,Moderate,57,Critical,Assigned,19,6,29,10,2023,4,1,0,Evening,0.1145890483423247,1311,8016,1311_8016,64,64,298.2444840237305,3,2,1,4,2,4,2,Middle-aged,99.1348836686576,False,-0.5269738587165593
9299,2024-12-05 18:36:37,4,12.9716,80.2215,East,VT,Vehicle Theft,Moderate,55,Critical,Under Investigation,18,3,5,12,2024,4,0,0,Evening,0.1215065841837387,1297,8022,1297_8022,56,56,252.8141554182797,6,1,1,9,2,4,3,Middle-aged,84.39809277933007,False,-0.5423918307717387
9300,2023-12-09 21:04:06,1,13.0827,80.2707,Central,RB,Robbery,Critical,30,Low,Reported,21,5,9,12,2023,4,1,1,Evening,0.0,1308,8027,1308_8027,65,65,650.0,6,0,1,6,4,1,1,Adult,205.6,False,-0.5670107004585017
9301,2023-08-19 21:37:59,2,13.0404,80.2824,South,BR,Burglary,Serious,24,Low,Pending,21,5,19,8,2023,3,1,1,Evening,0.0438882672248501,1304,8028,1304_8028,56,56,389.1908706669626,6,3,1,1,3,1,4,Young,125.71110735393492,False,-0.5707531513655801
9302,2024-04-26 00:11:09,4,12.9716,80.2215,East,BR,Burglary,Serious,51,Medium,Reported,0,4,26,4,2024,2,0,1,Night,0.1215065841837387,1297,8022,1297_8022,56,56,252.8141554182797,1,1,3,1,3,2,1,Middle-aged,84.79809277933008,False,-0.5700110894344773
